﻿Passenger Email,Travel Insurance?,Purchase Date,Travel Date,Fare Type,Ticket Price,Route,Row_ID,Person
bgonzalez@vizpainter.com,True,12/21/2018,1/5/2019,Economy,101,DAL-PHX,69,Barry Gonzalez
scartwright@vizpainter.com,False,11/28/2018,1/2/2019,Economy,93,DAL-LAS,714,Steven Cartwright
mengle@vizpainter.com,False,8/31/2018,1/2/2019,First Class,282,DAL-HOU,514,Max Engle
beplett@vizpainter.com,False,11/23/2018,1/4/2019,Business,70,DAL-SEA,89,Bill Eplett
smatthias@vizpainter.com,False,11/21/2018,1/1/2019,Economy,109,DAL-GRR,666,Sally Matthias
mdominguez@vizpainter.com,False,11/9/2018,1/2/2019,Business,93,DAL-AUS,523,Michael Dominguez
mengle@vizpainter.com,False,12/19/2018,1/2/2019,Economy,148,DAL-HOU,514,Max Engle
mdominguez@vizpainter.com,False,11/25/2018,1/2/2019,Business,174,DAL-AUS,523,Michael Dominguez
beplett@vizpainter.com,False,12/3/2018,1/4/2019,Economy,74,DAL-CLE,89,Bill Eplett
klampkin@vizpainter.com,False,5/20/2019,9/14/2019,Economy,132,DAL-PHX,436,Kelly Lampkin
cmitchell@vizpainter.com,False,12/5/2019,12/29/2019,First Class,269,DAL-OKC,176,Corinna Mitchell
kdana@vizpainter.com,True,12/3/2019,12/14/2019,Economy,107,DAL-PHX,440,Ken Dana
cdarley@vizpainter.com,False,8/16/2019,12/3/2019,Economy,78,DAL-MDW,131,Carol Darley
arussell@vizpainter.com,False,10/4/2019,10/16/2019,Economy,120,DAL-AUS,23,Alex Russell
jkimmel@vizpainter.com,False,11/14/2019,11/23/2019,Economy,97,DAL-SLC,357,Jay Kimmel
knguyen@vizpainter.com,True,9/1/2019,10/1/2019,Economy,83,DAL-OKC,429,Kean Nguyen
agayman@vizpainter.com,False,8/5/2019,8/31/2019,Business,102,DAL-SLC,45,Anna Gayman
kmeade@vizpainter.com,False,9/18/2019,12/12/2019,Business,80,DAL-AUS,414,Kalyca Meade
jkriz@vizpainter.com,False,10/31/2019,11/25/2019,Economy,94,DAL-HOU,375,Jim Kriz
ashonely@vizpainter.com,False,12/30/2018,1/27/2019,Economy,104,DAL-MDW,16,Alan Shonely
nhansen@vizpainter.com,False,8/17/2019,10/26/2019,Economy,100,DAL-OKC,573,Nicole Hansen
pfuller@vizpainter.com,False,8/19/2019,9/12/2019,Economy,98,DAL-OKC,607,Peter Fuller
cschnelling@vizpainter.com,False,6/30/2019,7/26/2019,Business,139,DAL-OKC,165,Cindy Schnelling
mkennedy@vizpainter.com,False,7/29/2019,8/22/2019,Economy,88,DAL-OKC,543,Mike Kennedy
jwest,False,9/7/2019,9/29/2019,Economy,157,DAL-OKC,404,Julia West
dordway,False,12/3/2018,1/25/2019,Economy,126,DAL-HOU,228,Denny Ordway
jgalang@vizpainter.com,False,4/13/2019,6/21/2019,Economy,73,DAL-GRR,343,James Galang
phirasaki@vizpainter.com,True,9/22/2019,10/8/2019,First Class,271,DAL-HOU,585,Patricia Hirasaki
arawles@vizpainter.com,False,8/30/2019,10/5/2019,Business,163,DAL-AMA,55,Anthony Rawles
sfoster@vizpainter.com,False,9/12/2019,10/16/2019,Economy,80,DAL-LAS,679,Sarah Foster
dmiller@vizpainter.com,True,9/9/2019,9/25/2019,Economy,84,DAL-MDW,234,Don Miller
abergman@vizpainter.com,False,6/8/2019,7/4/2019,Economy,140,DAL-GRR,1,Aaron Bergman
dphilippe@vizpainter.com,False,11/11/2019,12/10/2019,Economy,155,DAL-OKC,210,David Philippe
bderr@vizpainter.com,True,1/22/2019,2/28/2019,Economy,69,DAL-LAS,109,Brian Derr
dmartin@vizpainter.com,False,11/28/2019,12/24/2019,Economy,113,DAL-ATL,200,Darrin Martin
rhaberlin@vizpainter.com,True,2/6/2019,4/11/2019,Business,78,DAL-SEA,639,Rob Haberlin
gkelly@vizpainter.com,False,11/13/2019,12/14/2019,Economy,130,DAL-LGA,307,Grace Kelly
hredmond@vizpainter.com,False,10/11/2019,10/24/2019,Business,119,DAL-AUS,317,Hallie Redmond
scooley@vizpainter.com,False,10/26/2019,11/11/2019,Economy,68,DAL-SEA,704,Sonia Cooley
rskaria@vizpainter.com,True,3/24/2019,6/16/2019,Business,137,DAL-PHX,657,Roy Skaria
amcfarland@vizpainter.com,False,12/7/2019,12/29/2019,Economy,120,DAL-HOU,47,Anne McFarland
lwillingham@vizpainter.com,False,11/15/2019,12/14/2019,Economy,168,DAL-SLC,474,Liz Willingham
jmartin@vizpainter.com,False,8/12/2019,9/5/2019,Economy,153,DAL-ELP,349,Janet Martin
cmelton@vizpainter.com,False,8/9/2019,9/17/2019,Economy,64,DAL-HOU,145,Charlotte Melton
cludtke@vizpainter.com,False,8/7/2019,9/6/2019,First Class,293,DAL-ATL,170,Clay Ludtke
sshariari@vizpainter.com,False,12/10/2018,1/26/2019,Economy,141,DAL-PHX,724,Sung Shariari
gguthrie@vizpainter.com,True,12/3/2019,12/15/2019,Economy,82,DAL-HOU,309,Greg Guthrie
x,False,9/29/2019,10/13/2019,Economy,145,DAL-ELP,191,Dan Reichenbach
aarmold@vizpainter.com,True,6/25/2019,8/1/2019,First Class,296,DAL-ATL,25,Allen Armold
cleslie@vizpainter.com,False,11/9/2018,1/17/2019,Economy,151,DAL-OKC,179,Craig Leslie
jcastell@vizpainter.com,True,12/7/2019,12/24/2019,Economy,131,DAL-AMA,384,John Castell
ahwang@vizpainter.com,False,8/20/2019,9/5/2019,Business,156,DAL-ATL,14,Alan Hwang
ahwang@vizpainter.com,True,7/29/2019,9/5/2019,First Class,222,DAL-ATL,14,Alan Hwang
rdowd@vizpainter.com,True,8/9/2019,9/15/2019,Economy,154,DAL-HOU,638,Rob Dowd
cmcmahon@vizpainter.com,False,12/23/2018,2/28/2019,Economy,102,DAL-HOU,121,Candace McMahon
tchand@vizpainter.com,False,12/14/2019,12/25/2019,Economy,139,DAL-LGA,731,Tamara Chand
pbreyer@vizpainter.com,False,8/8/2019,9/12/2019,Economy,97,DAL-MDW,613,Phillip Breyer
mgastineau@vizpainter.com,False,9/29/2019,10/26/2019,First Class,260,DAL-ATL,546,Mitch Gastineau
jfein@vizpainter.com,False,12/21/2018,1/30/2019,Economy,119,DAL-ATL,356,Jay Fein
mlaware@vizpainter.com,False,6/21/2019,7/31/2019,Economy,139,DAL-PHX,493,Maris LaWare
mvan@vizpainter.com,False,11/27/2019,12/6/2019,Economy,151,DAL-ATL,498,Mark Van Huff
jellison@vizpainter.com,False,8/16/2019,11/2/2019,Economy,89,DAL-LAS,364,Jeremy Ellison
mgastineau@vizpainter.com,False,7/17/2019,9/22/2019,Economy,72,DAL-LAS,511,Maureen Gastineau
ajones@vizpainter.com,False,4/21/2019,6/12/2019,Economy,77,DAL-MDW,64,Astrea Jones
rbarroso@vizpainter.com,False,8/6/2019,9/14/2019,Economy,70,DAL-MDW,642,Robert Barroso
mabelman@vizpainter.com,True,10/5/2019,10/17/2019,Economy,107,DAL-LGA,503,Matt Abelman
ptakahito@vizpainter.com,False,4/3/2019,5/20/2019,Economy,138,DAL-SEA,605,Pete Takahito
creiten@vizpainter.com,False,3/8/2019,3/22/2019,Economy,102,DAL-ATL,187,Cyra Reiten
mo'rourke@vizpainter.com,False,4/15/2019,5/8/2019,Economy,152,DAL-AUS,499,Mary O'Rourke
lleatherbury@vizpainter.com,True,4/8/2019,6/19/2019,Business,150,DAL-AUS,455,Lauren Leatherbury
abarton@vizpainter.com,False,10/26/2019,11/23/2019,Economy,110,DAL-OKC,7,Adrian Barton
bpond@vizpainter.com,False,12/8/2019,12/24/2019,Economy,107,DAL-LGA,70,Barry Pond
schand@vizpainter.com,False,4/4/2019,4/29/2019,Economy,135,DAL-CLE,672,Sanjit Chand
jradford@vizpainter.com,True,11/9/2019,12/25/2019,Economy,125,DAL-MDW,377,Jim Radford
rbarroso@vizpainter.com,True,11/5/2019,11/14/2019,Economy,101,DAL-TUL,642,Robert Barroso
canderson@vizpainter.com,False,10/16/2019,12/8/2019,Economy,75,DAL-HOU,150,Christina Anderson
so'donnell@vizpainter.com,True,4/20/2019,5/4/2019,Business,94,DAL-LGA,688,Sean O'Donnell
hmarie@vizpainter.com,False,8/25/2019,10/27/2019,Economy,139,DAL-ATL,323,Harry Marie
bkampe@vizpainter.com,False,5/5/2019,5/22/2019,Economy,82,DAL-LGA,84,Berenike Kampe
rmurray@vizpainter.com,False,5/7/2019,5/23/2019,Economy,121,DAL-LGA,649,Roland Murray
lcurrie@vizpainter.com,False,9/18/2019,11/24/2019,Economy,136,DAL-OKC,475,Logan Currie
emurdock@vizpainter.com,False,11/6/2019,11/12/2019,Business,104,DAL-OKC,263,Eric Murdock
againer@vizpainter.com,False,11/20/2019,12/20/2019,Economy,118,DAL-HOU,60,Arthur Gainer
jmolinari@vizpainter.com,False,10/22/2019,11/9/2019,Economy,124,DAL-MDW,350,Janet Molinari
mpacker@vizpainter.com,True,3/7/2019,3/17/2019,Economy,62,DAL-HOU,497,Mark Packer
cdaly@vizpainter.com,False,9/24/2019,11/10/2019,First Class,244,DAL-ATL,127,Carlos Daly
jdaniels@vizpainter.com,False,7/6/2019,9/5/2019,Economy,122,DAL-PHX,400,Joy Daniels
cmitchell@vizpainter.com,False,4/22/2019,4/30/2019,Economy,106,DAL-ELP,176,Corinna Mitchell
dbenoit@vizpainter.com,False,8/17/2019,9/12/2019,Economy,125,DAL-PHX,243,Duane Benoit
achung@vizpainter.com,False,8/19/2019,9/29/2019,Economy,69,DAL-LGA,44,Anna Chung
mabelman@vizpainter.com,False,5/11/2019,6/7/2019,First Class,264,DAL-HOU,503,Matt Abelman
lshagiari@vizpainter.com,False,7/2/2019,10/30/2019,First Class,251,DAL-PHX,464,Lindsay Shagiari
jkarlsson@vizpainter.com,False,11/13/2019,11/28/2019,Economy,125,DAL-LGA,374,Jim Karlsson
tpippenger@vizpainter.com,False,8/20/2019,11/12/2019,First Class,230,DAL-MDW,741,Theone Pippenger
,False,4/17/2019,4/25/2019,Economy,120,DAL-GRR,671,Sandra Glassco
tritter@vizpainter.com,False,10/5/2019,11/13/2019,Economy,60,DAL-MDW,754,Toby Ritter
jcaffey@vizpainter.com,False,11/16/2019,12/7/2019,First Class,282,DAL-ELP,358,Jenna Caffey
tboyes@vizpainter.com,False,3/11/2019,7/5/2019,First Class,221,DAL-HOU,756,Todd Boyes
kmeade@vizpainter.com,False,11/28/2019,12/12/2019,Business,124,DAL-LGA,414,Kalyca Meade
kmeade@vizpainter.com,False,11/12/2019,12/12/2019,Economy,137,DAL-LAS,414,Kalyca Meade
scartwright@vizpainter.com,False,12/8/2018,3/25/2019,Economy,101,DAL-OKC,714,Steven Cartwright
mgrace@vizpainter.com,True,5/25/2019,6/13/2019,Economy,96,DAL-ELP,524,Michael Grace
agarverick@vizpainter.com,False,10/29/2019,11/22/2019,Economy,80,DAL-AUS,51,Anthony Garverick
lhughes@vizpainter.com,False,10/20/2019,11/22/2019,Economy,75,DAL-OKC,449,Larry Hughes
dliebe@vizpainter.com,False,8/4/2019,10/7/2019,Economy,123,DAL-HOU,239,Dorris liebe
dwilson@vizpainter.com,False,10/5/2019,12/5/2019,Economy,61,DAL-HOU,231,Dianna Wilson
mkennedy@vizpainter.com,False,8/5/2019,8/22/2019,Business,166,DAL-OKC,543,Mike Kennedy
bfranzösisch@vizpainter.com,False,6/30/2019,9/26/2019,Economy,114,DAL-SEA,68,Barry Französisch
psewall@vizpainter.com,False,11/15/2019,12/8/2019,Economy,145,DAL-GRR,602,Penelope Sewall
plucas@vizpainter.com,False,11/21/2019,12/29/2019,Economy,83,DAL-ELP,594,Paul Lucas
dbraden@vizpainter.com,False,8/18/2019,9/7/2019,Economy,114,DAL-OKC,213,Dean Braden
jwaco@vizpainter.com,False,7/6/2019,9/20/2019,Economy,108,DAL-AMA,347,Jane Waco
rpayne@vizpainter.com,False,8/4/2019,10/6/2019,First Class,214,DAL-OKC,617,Rachel Payne
bstugart@vizpainter.com,False,1/18/2019,2/4/2019,Economy,133,DAL-HOU,111,Brian Stugart
nstaavos@vizpainter.com,False,4/8/2019,5/14/2019,Economy,117,DAL-OKC,575,Noel Staavos
jgarza@vizpainter.com,False,4/4/2019,6/26/2019,Economy,111,DAL-LGA,340,Jack Garza
ptakahito@vizpainter.com,False,10/2/2019,12/2/2019,Economy,99,DAL-SLC,605,Pete Takahito
habelman@vizpainter.com,True,4/20/2019,5/18/2019,First Class,240,DAL-HOU,326,Helen Abelman
bdodson@vizpainter.com,False,3/10/2019,4/11/2019,Economy,121,DAL-AUS,104,Brendan Dodson
jklamczynski@vizpainter.com,False,4/10/2019,5/25/2019,Economy,79,DAL-ATL,354,Jason Klamczynski
nradford@vizpainter.com,False,5/9/2019,6/21/2019,Economy,101,DAL-MDW,569,Nick Radford
tsayre@vizpainter.com,True,10/22/2019,11/11/2019,Economy,154,DAL-ATL,765,Tony Sayre
eballard@vizpainter.com,False,3/16/2019,5/21/2019,Economy,144,DAL-AMA,255,Ellis Ballard
cselesnick@vizpainter.com,False,1/30/2019,4/2/2019,Business,156,DAL-PHX,149,Chris Selesnick
abarnes@vizpainter.com,True,10/1/2019,11/10/2019,Business,129,DAL-LGA,11,Alan Barnes
pryan@vizpainter.com,False,7/18/2019,8/7/2019,Economy,93,DAL-AUS,591,Patrick Ryan
dsayre@vizpainter.com,False,11/9/2019,12/12/2019,Economy,159,DAL-LAS,201,Darrin Sayre
mvittorini@vizpainter.com,False,6/23/2019,6/30/2019,Business,103,DAL-ATL,545,Mike Vittorini
npelletier@vizpainter.com,False,2/21/2019,4/21/2019,First Class,301,DAL-ATL,578,Nora Pelletier
ahane@vizpainter.com,False,9/2/2019,9/8/2019,Economy,103,DAL-LGA,8,Adrian Hane
ahane@vizpainter.com,True,7/28/2019,11/21/2019,Economy,158,DAL-ATL,8,Adrian Hane
hflentye@vizpainter.com,False,6/2/2019,7/15/2019,Economy,95,DAL-SEA,332,Herbert Flentye
ajohnson@vizpainter.com,False,5/23/2019,6/25/2019,Economy,61,DAL-HOU,53,Anthony Johnson
cglotzbach@vizpainter.com,False,10/5/2019,11/21/2019,Economy,140,DAL-ELP,135,Catherine Glotzbach
aferguson@vizpainter.com,False,11/24/2019,12/12/2019,Economy,97,DAL-AUS,58,Art Ferguson
jjackson@vizpainter.com,True,7/28/2019,11/5/2019,Economy,94,DAL-LAS,362,Jennifer Jackson
tprescott@vizpainter.com,False,8/20/2019,12/4/2019,Economy,121,DAL-MDW,760,Tom Prescott
mludwig@vizpainter.com,False,7/6/2019,8/30/2019,Economy,139,DAL-MDW,516,Max Ludwig
ahaines@vizpainter.com,False,6/6/2019,10/6/2019,Economy,65,DAL-HOU,13,Alan Haines
rkennedy@vizpainter.com,True,10/20/2019,12/1/2019,Economy,79,DAL-AUS,619,Ralph Kennedy
ahwang@vizpainter.com,True,8/11/2019,9/5/2019,Economy,107,DAL-HOU,14,Alan Hwang
rdowd@vizpainter.com,False,7/12/2019,9/15/2019,Economy,123,DAL-HOU,638,Rob Dowd
carntzen@vizpainter.com,False,11/10/2019,12/28/2019,Business,143,DAL-PHX,184,Cynthia Arntzen
dbadders@vizpainter.com,False,7/12/2019,8/4/2019,Economy,129,DAL-AUS,236,Dorothy Badders
bpak@vizpainter.com,False,9/29/2019,11/25/2019,Business,126,DAL-ATL,77,Becky Pak
sshifley@vizpainter.com,True,9/8/2019,10/12/2019,Economy,79,DAL-AUS,675,Saphhira Shifley
bhoffman@vizpainter.com,False,5/27/2019,6/13/2019,Economy,153,DAL-ATL,114,Brosina Hoffman
ajones@vizpainter.com,False,5/15/2019,6/12/2019,Economy,79,DAL-LAS,64,Astrea Jones
cludwig@vizpainter.com,False,11/29/2019,12/10/2019,Economy,151,DAL-GRR,125,Carl Ludwig
achong@vizpainter.com,False,10/21/2019,12/2/2019,Economy,119,DAL-GRR,41,Ann Chong
mzettner@vizpainter.com,True,7/21/2019,10/11/2019,Business,176,DAL-PHX,488,Maria Zettner
lpelletier@vizpainter.com,False,10/18/2019,11/13/2019,Economy,83,DAL-LGA,471,Liz Pelletier
creiten@vizpainter.com,False,1/9/2019,3/22/2019,First Class,269,DAL-LGA,187,Cyra Reiten
crozendal@vizpainter.com,False,10/21/2019,12/9/2019,Economy,63,DAL-PHX,171,Clay Rozendal
knockton@vizpainter.com,False,7/9/2019,9/3/2019,Business,135,DAL-PHX,425,Katherine Nockton
dblanton@vizpainter.com,True,10/17/2019,12/27/2019,First Class,233,DAL-ATL,226,Denny Blanton
mschwartz@vizpainter.com,False,1/31/2019,4/5/2019,Business,140,DAL-SEA,517,Maxwell Schwartz
ssunley@vizpainter.com,False,8/19/2019,10/24/2019,Economy,131,DAL-PHX,705,Sonia Sunley
rlucas@vizpainter.com,True,4/17/2019,6/18/2019,Economy,92,DAL-AUS,640,Rob Lucas
ajacobs@vizpainter.com,False,8/13/2019,9/20/2019,Economy,150,DAL-ELP,52,Anthony Jacobs
croper@vizpainter.com,False,6/16/2019,7/6/2019,Economy,67,DAL-HOU,174,Corey Roper
rausman@vizpainter.com,True,10/5/2019,12/27/2019,Economy,155,DAL-MDW,658,Ruben Ausman
schand@vizpainter.com,False,12/11/2019,12/24/2019,Business,169,DAL-PHX,672,Sanjit Chand
dsmith@vizpainter.com,True,9/5/2019,11/8/2019,Business,144,DAL-OKC,211,David Smith
fgastineau@vizpainter.com,False,10/23/2019,11/16/2019,Economy,66,DAL-HOU,283,Frank Gastineau
tbraunhardt@vizpainter.com,False,11/1/2019,12/22/2019,Economy,110,DAL-AUS,751,Toby Braunhardt
rkennedy@vizpainter.com,False,8/5/2019,8/17/2019,Economy,71,DAL-AUS,619,Ralph Kennedy
x,False,7/31/2019,11/5/2019,Business,154,DAL-AUS,415,Karen Bern
dkendrick@vizpainter.com,False,10/30/2019,11/9/2019,Economy,134,DAL-MDW,209,David Kendrick
iliston@vizpainter.com,True,2/8/2019,3/30/2019,Economy,63,DAL-LAS,339,Ivan Liston
mjones@vizpainter.com,False,11/13/2019,12/18/2019,Business,140,DAL-AMA,515,Max Jones
jmolinari@vizpainter.com,False,10/8/2019,11/9/2019,Economy,128,DAL-GRR,350,Janet Molinari
dvittorini@vizpainter.com,True,11/9/2019,12/4/2019,Economy,100,DAL-LAS,230,Dianna Vittorini
cclark@vizpainter.com,True,7/22/2019,10/15/2019,Business,169,DAL-GRR,161,Chuck Clark
jhirsh@vizpainter.com,False,7/19/2019,9/12/2019,Economy,125,DAL-AUS,411,Justin Hirsh
scalhoun@vizpainter.com,False,3/20/2019,4/4/2019,Economy,146,DAL-LGA,719,Stuart Calhoun
gtran@vizpainter.com,False,10/10/2019,10/23/2019,Economy,104,DAL-OKC,313,Greg Tran
tdahlen@vizpainter.com,False,1/29/2019,2/14/2019,Economy,63,DAL-HOU,732,Tamara Dahlen
csachs@vizpainter.com,False,1/19/2019,2/12/2019,Economy,134,DAL-PHX,163,Chuck Sachs
sbern@vizpainter.com,False,10/1/2019,12/10/2019,Economy,143,DAL-GRR,677,Sarah Bern
ejacobs@vizpainter.com,False,6/25/2019,7/27/2019,Business,168,DAL-PHX,276,Eva Jacobs
ehildebrand@vizpainter.com,True,10/22/2019,11/15/2019,Economy,75,DAL-HOU,274,Eugene Hildebrand
sflanagan@vizpainter.com,True,11/17/2019,12/5/2019,Economy,65,DAL-LAS,670,Sandra Flanagan
ecreighton@vizpainter.com,True,9/10/2019,9/22/2019,Economy,140,DAL-MDW,269,Erin Creighton
jcaffey@vizpainter.com,False,11/1/2019,12/7/2019,Business,111,DAL-PHX,358,Jenna Caffey
arussell@vizpainter.com,True,8/6/2019,10/16/2019,Economy,146,DAL-MDW,23,Alex Russell
mkennedy@vizpainter.com,False,9/28/2019,12/15/2019,Economy,123,DAL-HOU,526,Michael Kennedy
kmeade@vizpainter.com,True,10/28/2019,12/12/2019,Economy,146,DAL-AUS,414,Kalyca Meade
swilliamson@vizpainter.com,False,12/15/2018,3/8/2019,First Class,270,DAL-ATL,684,Scott Williamson
x,False,9/16/2019,10/7/2019,Economy,143,DAL-ATL,415,Karen Bern
lcacioppo@vizpainter.com,True,10/19/2019,11/27/2019,Economy,130,DAL-OKC,457,Lena Cacioppo
ashonely@vizpainter.com,False,10/25/2018,1/27/2019,Economy,64,DAL-MDW,16,Alan Shonely
hmacallister@vizpainter.com,False,7/26/2019,9/11/2019,Economy,138,DAL-OKC,331,Henry MacAllister
dpoirier@vizpainter.com,False,4/27/2019,7/2/2019,Economy,72,DAL-MDW,206,Dave Poirier
fatkinson@vizpainter.com,False,11/22/2019,12/10/2019,Economy,127,DAL-PHX,281,Frank Atkinson
dwilson@vizpainter.com,False,10/13/2019,12/5/2019,Business,132,DAL-PHX,231,Dianna Wilson
mkennedy@vizpainter.com,False,7/24/2019,8/22/2019,First Class,275,DAL-HOU,543,Mike Kennedy
kbrennan@vizpainter.com,False,11/22/2019,12/21/2019,Economy,143,DAL-AUS,439,Ken Brennan
gashbrook@vizpainter.com,False,9/23/2019,11/4/2019,First Class,277,DAL-TUL,300,George Ashbrook
dordway,True,11/15/2018,1/25/2019,Economy,149,DAL-ELP,228,Denny Ordway
bstugart@vizpainter.com,False,1/5/2019,2/4/2019,Business,130,DAL-PHX,111,Brian Stugart
jgalang@vizpainter.com,False,3/24/2019,6/21/2019,Economy,116,DAL-PHX,343,James Galang
hengle@vizpainter.com,False,10/14/2019,12/2/2019,Economy,74,DAL-HOU,319,Harold Engle
eburns@vizpainter.com,False,9/15/2019,10/19/2019,Business,120,DAL-HOU,257,Emily Burns
bdonatelli@vizpainter.com,False,11/6/2019,11/28/2019,Economy,131,DAL-LGA,88,Bill Donatelli
ptakahito@vizpainter.com,False,8/22/2019,12/2/2019,Economy,62,DAL-OKC,605,Pete Takahito
sschmidt@vizpainter.com,True,10/12/2019,12/4/2019,Economy,102,DAL-MDW,700,Shirley Schmidt
bdodson@vizpainter.com,True,2/21/2019,4/11/2019,Economy,69,DAL-ATL,104,Brendan Dodson
fmcadams@vizpainter.com,False,7/30/2019,11/19/2019,Economy,127,DAL-HOU,280,Filia McAdams
pprost@vizpainter.com,False,10/13/2019,12/23/2019,Economy,145,DAL-ELP,596,Paul Prost
dphilippe@vizpainter.com,False,10/23/2019,12/10/2019,Economy,146,DAL-AUS,210,David Philippe
bderr@vizpainter.com,False,1/4/2019,2/28/2019,Business,116,DAL-AUS,109,Brian Derr
tsayre@vizpainter.com,True,7/17/2019,11/11/2019,Business,165,DAL-AMA,765,Tony Sayre
ccheatham@vizpainter.com,False,6/2/2019,7/9/2019,Economy,83,DAL-HOU,169,Clay Cheatham
rhaberlin@vizpainter.com,False,2/25/2019,4/11/2019,Economy,83,DAL-AUS,639,Rob Haberlin
abarnes@vizpainter.com,False,10/23/2019,11/10/2019,Economy,118,DAL-HOU,11,Alan Barnes
bmurry@vizpainter.com,False,1/12/2019,1/31/2019,Economy,99,DAL-LGA,105,Brendan Murry
dmiller@vizpainter.com,False,7/15/2019,8/28/2019,Economy,159,DAL-ATL,234,Don Miller
xxxx,False,10/26/2019,11/27/2019,Economy,89,DAL-LAS,739,Thea Hendricks
mpelletier@vizpainter.com,False,10/6/2019,11/18/2019,Economy,62,DAL-AUS,544,Mike Pelletier
jmitchum@vizpainter.com,False,8/22/2019,9/15/2019,Economy,154,DAL-OKC,376,Jim Mitchum
mjones@vizpainter.com,True,1/23/2019,2/14/2019,Economy,137,DAL-ELP,515,Max Jones
btyler@vizpainter.com,True,10/3/2019,10/21/2019,Economy,126,DAL-HOU,93,Bill Tyler
ahane@vizpainter.com,False,8/20/2019,11/21/2019,Economy,63,DAL-AUS,8,Adrian Hane
cglotzbach@vizpainter.com,True,9/10/2019,11/21/2019,Economy,67,DAL-MDW,135,Catherine Glotzbach
mhagelstein@vizpainter.com,False,10/27/2019,11/6/2019,First Class,235,DAL-HOU,507,Matt Hagelstein
jjackson@vizpainter.com,False,10/20/2019,11/5/2019,Economy,67,DAL-PHX,362,Jennifer Jackson
adominguez@vizpainter.com,False,5/1/2019,5/14/2019,Economy,99,DAL-MDW,12,Alan Dominguez
dflashing@vizpainter.com,False,12/30/2018,1/23/2019,Economy,137,DAL-SEA,208,David Flashing
azypern@vizpainter.com,False,9/18/2019,12/5/2019,First Class,305,DAL-ATL,50,Annie Zypern
dcampbell@vizpainter.com,False,10/17/2019,12/23/2019,Economy,140,DAL-OKC,189,Dan Campbell
ahwang@vizpainter.com,False,8/2/2019,9/5/2019,Economy,137,DAL-SLC,14,Alan Hwang
ahwang@vizpainter.com,False,8/27/2019,9/5/2019,Economy,68,DAL-LGA,14,Alan Hwang
rdowd@vizpainter.com,False,8/11/2019,9/15/2019,Economy,144,DAL-MDW,638,Rob Dowd
jhowell@vizpainter.com,False,11/7/2019,12/4/2019,First Class,242,DAL-OKC,393,Jonathan Howell
croper@vizpainter.com,False,8/18/2019,9/29/2019,Economy,60,DAL-HOU,174,Corey Roper
jfein@vizpainter.com,False,1/12/2019,1/30/2019,Economy,103,DAL-PHX,356,Jay Fein
creiten@vizpainter.com,False,5/30/2019,7/1/2019,Economy,62,DAL-OKC,187,Cyra Reiten
achong@vizpainter.com,True,9/25/2019,12/2/2019,Economy,77,DAL-HOU,41,Ann Chong
mzettner@vizpainter.com,False,8/25/2019,10/11/2019,Economy,113,DAL-LGA,488,Maria Zettner
creiten@vizpainter.com,False,1/24/2019,3/22/2019,Economy,139,DAL-PHX,187,Cyra Reiten
crozendal@vizpainter.com,False,11/11/2019,12/9/2019,Economy,148,DAL-HOU,171,Clay Rozendal
lleatherbury@vizpainter.com,True,4/2/2019,6/19/2019,Economy,158,DAL-HOU,455,Lauren Leatherbury
rapplegate@vizpainter.com,True,10/4/2019,11/3/2019,Business,132,DAL-SLC,660,Russell Applegate
ajacobs@vizpainter.com,False,8/28/2019,9/20/2019,Business,122,DAL-HOU,52,Anthony Jacobs
draglin@vizpainter.com,False,11/1/2019,12/1/2019,Economy,144,DAL-AMA,195,Daniel Raglin
dkotsonis@vizpainter.com,False,10/17/2019,12/2/2019,Economy,155,DAL-ATL,188,Damala Kotsonis
rbaird@vizpainter.com,False,8/2/2019,9/1/2019,Business,176,DAL-LGA,652,Ross Baird
hmarie@vizpainter.com,True,10/13/2019,10/27/2019,First Class,210,DAL-HOU,323,Harry Marie
fgastineau@vizpainter.com,False,10/12/2019,11/16/2019,Economy,92,DAL-GRR,283,Frank Gastineau
sbrown@vizpainter.com,False,7/9/2019,9/15/2019,Economy,123,DAL-HOU,678,Sarah Brown
rmurray@vizpainter.com,False,3/30/2019,5/23/2019,Economy,79,DAL-ELP,649,Roland Murray
lwillingham@vizpainter.com,True,10/17/2019,12/31/2019,First Class,255,DAL-ELP,474,Liz Willingham
ehernandez@vizpainter.com,False,11/10/2019,12/19/2019,Economy,146,DAL-AUS,266,Erica Hernandez
spistek@vizpainter.com,False,8/15/2019,10/26/2019,Business,161,DAL-HOU,727,Susan Pistek
mjones@vizpainter.com,False,11/5/2019,12/18/2019,Business,114,DAL-OKC,515,Max Jones
emurdock@vizpainter.com,True,10/31/2019,11/12/2019,First Class,279,DAL-PHX,263,Eric Murdock
gtran@vizpainter.com,False,10/6/2019,10/23/2019,Economy,82,DAL-AMA,313,Greg Tran
djones@vizpainter.com,True,3/23/2019,6/2/2019,Economy,144,DAL-PHX,233,Don Jones
pchand@vizpainter.com,False,8/5/2019,9/27/2019,Economy,90,DAL-ATL,599,Pauline Chand
sbern@vizpainter.com,True,11/12/2019,12/10/2019,Economy,100,DAL-OKC,677,Sarah Bern
tcarlisle@vizpainter.com,False,6/5/2019,7/10/2019,Business,127,DAL-SEA,752,Toby Carlisle
ejacobs@vizpainter.com,False,2/24/2019,4/5/2019,Economy,142,DAL-HOU,247,Ed Jacobs
pkriz@vizpainter.com,True,10/27/2019,11/12/2019,Economy,126,DAL-HOU,604,Pete Kriz
jkarlsson@vizpainter.com,False,11/8/2019,11/28/2019,Economy,133,DAL-PHX,374,Jim Karlsson
ldecherney@vizpainter.com,False,5/21/2019,6/29/2019,Economy,156,DAL-AUS,466,Lisa DeCherney
jcaffey@vizpainter.com,False,10/27/2019,12/7/2019,Business,138,DAL-MDW,358,Jenna Caffey
dpowers@vizpainter.com,True,10/11/2019,11/4/2019,Economy,101,DAL-OKC,199,Darren Powers
knguyen@vizpainter.com,False,8/26/2019,10/1/2019,Business,131,DAL-SEA,429,Kean Nguyen
kmeade@vizpainter.com,True,11/18/2019,12/12/2019,Economy,159,DAL-SFO,414,Kalyca Meade
jkrohn@vizpainter.com,False,8/24/2019,11/6/2019,Economy,136,DAL-AUS,405,Juliana Krohn
mengle@vizpainter.com,False,8/25/2019,10/22/2019,Economy,152,DAL-OKC,514,Max Engle
mgrace@vizpainter.com,False,5/17/2019,6/13/2019,Economy,144,DAL-PHX,524,Michael Grace
bshonely@vizpainter.com,False,12/8/2019,12/25/2019,First Class,298,DAL-ATL,91,Bill Shonely
lhughes@vizpainter.com,False,10/30/2019,11/22/2019,Business,163,DAL-HOU,449,Larry Hughes
dliebe@vizpainter.com,False,7/5/2019,10/7/2019,Economy,136,DAL-AUS,239,Dorris liebe
dwilson@vizpainter.com,False,9/7/2019,12/5/2019,Economy,143,DAL-PHX,231,Dianna Wilson
psewall@vizpainter.com,False,9/17/2019,12/8/2019,Business,146,DAL-AUS,602,Penelope Sewall
achung@vizpainter.com,False,6/16/2019,9/7/2019,Business,108,DAL-AMA,44,Anna Chung
jwaco@vizpainter.com,False,9/8/2019,9/20/2019,Economy,81,DAL-PHX,347,Jane Waco
rpayne@vizpainter.com,False,9/8/2019,10/6/2019,Business,80,DAL-ATL,617,Rachel Payne
hglantz@vizpainter.com,False,10/10/2019,11/6/2019,Business,63,DAL-SEA,334,Hunter Glantz
bstugart@vizpainter.com,False,1/13/2019,2/4/2019,Economy,93,DAL-ATL,111,Brian Stugart
hgreene@vizpainter.com,False,1/4/2019,2/22/2019,Business,86,DAL-OKC,322,Harry Greene
nstaavos@vizpainter.com,False,2/26/2019,5/14/2019,Economy,97,DAL-LGA,575,Noel Staavos
twillingham@vizpainter.com,False,5/11/2019,6/27/2019,Economy,145,DAL-LGA,734,Tamara Willingham
gbaptist@vizpainter.com,False,11/25/2019,12/23/2019,Economy,113,DAL-ATL,304,Giulietta Baptist
jgarza@vizpainter.com,False,5/26/2019,6/26/2019,Economy,120,DAL-HOU,340,Jack Garza
bpistole@vizpainter.com,False,8/15/2019,9/7/2019,Economy,144,DAL-PHX,73,Bart Pistole
ptakahito@vizpainter.com,False,8/9/2019,12/2/2019,Economy,146,DAL-AUS,605,Pete Takahito
habelman@vizpainter.com,False,3/9/2019,5/18/2019,Economy,158,DAL-AUS,326,Helen Abelman
bdodson@vizpainter.com,False,3/21/2019,4/11/2019,Economy,44,DAL-SEA,104,Brendan Dodson
dmartin@vizpainter.com,True,11/24/2019,12/24/2019,Economy,80,DAL-ATL,200,Darrin Martin
nzandusky@vizpainter.com,False,8/13/2019,9/7/2019,Economy,128,DAL-ATL,570,Nick Zandusky
cselesnick@vizpainter.com,False,1/8/2019,4/2/2019,Business,140,DAL-AUS,149,Chris Selesnick
abarnes@vizpainter.com,True,9/19/2019,11/10/2019,Economy,98,DAL-PHX,11,Alan Barnes
dsayre@vizpainter.com,False,10/20/2019,12/12/2019,Economy,138,DAL-HOU,201,Darrin Sayre
hlopez@vizpainter.com,False,5/11/2019,9/8/2019,Economy,74,DAL-ATL,335,Hunter Lopez
pprost@vizpainter.com,False,7/23/2019,8/22/2019,Economy,71,DAL-MDW,596,Paul Prost
cmelton@vizpainter.com,False,5/26/2019,9/17/2019,Economy,156,DAL-PHX,145,Charlotte Melton
ahane@vizpainter.com,False,10/31/2019,11/21/2019,Economy,74,DAL-OKC,8,Adrian Hane
hflentye@vizpainter.com,True,6/7/2019,7/15/2019,Economy,105,DAL-HOU,332,Herbert Flentye
cglotzbach@vizpainter.com,True,11/1/2019,11/21/2019,Economy,71,DAL-HOU,135,Catherine Glotzbach
aferguson@vizpainter.com,False,11/20/2019,12/12/2019,Economy,89,DAL-OKC,58,Art Ferguson
jjackson@vizpainter.com,False,9/7/2019,11/5/2019,Business,107,DAL-ATL,362,Jennifer Jackson
tprescott@vizpainter.com,False,11/17/2019,12/4/2019,Business,106,DAL-AUS,760,Tom Prescott
mludwig@vizpainter.com,True,7/14/2019,8/30/2019,First Class,303,DAL-PHX,516,Max Ludwig
ahwang@vizpainter.com,False,8/1/2019,9/5/2019,Economy,154,DAL-PHX,14,Alan Hwang
rdowd@vizpainter.com,False,6/23/2019,9/15/2019,Economy,68,DAL-GRR,638,Rob Dowd
carntzen@vizpainter.com,False,12/2/2019,12/28/2019,Economy,142,DAL-CLE,184,Cynthia Arntzen
cdelaney@vizpainter.com,False,10/9/2019,11/12/2019,Economy,91,DAL-LGA,185,Cynthia Delaney
mcollister@vizpainter.com,True,7/13/2019,7/19/2019,Economy,99,DAL-HOU,505,Matt Collister
tnorvell@vizpainter.com,False,12/15/2018,1/13/2019,Economy,103,DAL-HOU,735,Tanja Norvell
hjas@vizpainter.com,False,7/8/2019,8/15/2019,Economy,123,DAL-AMA,324,Heather Jas
sschmidt@vizpainter.com,False,9/24/2019,11/25/2019,Economy,158,DAL-OKC,700,Shirley Schmidt
pknutson@vizpainter.com,False,11/28/2019,12/9/2019,Economy,123,DAL-LGA,593,Paul Knutson
bpak@vizpainter.com,False,10/6/2019,11/25/2019,First Class,227,DAL-ELP,77,Becky Pak
tpippenger@vizpainter.com,False,5/7/2019,6/19/2019,Economy,128,DAL-LAS,741,Theone Pippenger
tdahlen@vizpainter.com,False,6/24/2019,9/17/2019,Business,125,DAL-AUS,732,Tamara Dahlen
rreed@vizpainter.com,True,11/29/2018,1/10/2019,Economy,166,DAL-SLC,634,Rick Reed
ajones@vizpainter.com,False,5/21/2019,6/12/2019,Economy,156,DAL-MDW,64,Astrea Jones
achong@vizpainter.com,False,11/10/2019,12/2/2019,First Class,307,DAL-ATL,41,Ann Chong
creiten@vizpainter.com,False,1/1/2019,3/22/2019,Economy,144,DAL-LGA,187,Cyra Reiten
crozendal@vizpainter.com,False,10/13/2019,12/9/2019,First Class,217,DAL-SEA,171,Clay Rozendal
knockton@vizpainter.com,False,8/7/2019,9/3/2019,Economy,89,DAL-SLC,425,Katherine Nockton
sshifley@vizpainter.com,False,6/26/2019,7/14/2019,Economy,128,DAL-OKC,675,Saphhira Shifley
rwilson@vizpainter.com,False,9/10/2019,11/25/2019,Economy,153,DAL-PHX,635,Rick Wilson
mschwartz@vizpainter.com,False,3/3/2019,4/5/2019,Economy,100,DAL-HOU,517,Maxwell Schwartz
ssunley@vizpainter.com,False,10/16/2019,10/24/2019,Economy,102,DAL-AMA,705,Sonia Sunley
rlucas@vizpainter.com,False,5/15/2019,6/18/2019,First Class,305,DAL-HOU,640,Rob Lucas
ajacobs@vizpainter.com,False,9/7/2019,9/20/2019,Economy,73,DAL-HOU,52,Anthony Jacobs
cmartinez@vizpainter.com,False,9/20/2019,10/10/2019,First Class,285,DAL-OKC,158,Christopher Martinez
emoren@vizpainter.com,False,12/30/2018,2/19/2019,Economy,86,DAL-ATL,275,Eugene Moren
mgastineau@vizpainter.com,False,7/28/2019,10/14/2019,Business,159,DAL-LGA,546,Mitch Gastineau
educich@vizpainter.com,False,8/7/2019,8/20/2019,Economy,71,DAL-MDW,258,Emily Ducich
dkendrick@vizpainter.com,False,9/30/2019,11/9/2019,Economy,61,DAL-SEA,209,David Kendrick
iliston@vizpainter.com,False,12/12/2018,3/30/2019,Business,89,DAL-LAS,339,Ivan Liston
emurdock@vizpainter.com,False,10/11/2019,11/12/2019,Economy,79,DAL-LGA,263,Eric Murdock
jmolinari@vizpainter.com,False,10/10/2019,11/9/2019,Economy,96,DAL-AUS,350,Janet Molinari
gthornton@vizpainter.com,True,9/21/2019,10/8/2019,Economy,157,DAL-MDW,316,Guy Thornton
jhirsh@vizpainter.com,False,8/17/2019,9/12/2019,Economy,104,DAL-AMA,411,Justin Hirsh
nfritzler@vizpainter.com,False,8/17/2019,10/11/2019,Business,106,DAL-OKC,558,Natalie Fritzler
gtran@vizpainter.com,False,10/7/2019,10/23/2019,Economy,135,DAL-SLC,313,Greg Tran
tdahlen@vizpainter.com,False,1/10/2019,2/14/2019,Economy,91,DAL-LGA,732,Tamara Dahlen
ehildebrand@vizpainter.com,False,8/22/2019,11/15/2019,Economy,60,DAL-PHX,274,Eugene Hildebrand
asmayling@vizpainter.com,False,3/16/2019,4/20/2019,Economy,139,DAL-AUS,3,Aaron Smayling
otoch@vizpainter.com,False,9/23/2019,11/11/2019,Business,134,DAL-OKC,581,Olvera Toch
jkarlsson@vizpainter.com,True,8/31/2019,11/28/2019,Economy,80,DAL-ATL,374,Jim Karlsson
rakin@vizpainter.com,False,12/14/2019,12/27/2019,Economy,73,DAL-GRR,662,Ryan Akin
awiediger@vizpainter.com,False,7/27/2019,9/16/2019,Economy,123,DAL-AUS,62,Arthur Wiediger
knguyen@vizpainter.com,False,9/17/2019,10/1/2019,Economy,63,DAL-LAS,429,Kean Nguyen
gzrebassa@vizpainter.com,False,4/15/2019,6/4/2019,Economy,154,DAL-AUS,302,George Zrebassa
kmeade@vizpainter.com,False,11/19/2019,12/12/2019,Business,84,DAL-AUS,414,Kalyca Meade
jkrohn@vizpainter.com,False,10/5/2019,11/6/2019,Economy,60,DAL-LAS,405,Juliana Krohn
mengle@vizpainter.com,False,9/25/2019,10/22/2019,First Class,273,DAL-MDW,514,Max Engle
bshonely@vizpainter.com,False,11/14/2019,12/25/2019,Economy,153,DAL-ATL,91,Bill Shonely
dliebe@vizpainter.com,False,7/19/2019,10/7/2019,Economy,144,DAL-LAS,239,Dorris liebe
rfjeld@vizpainter.com,True,5/21/2019,6/15/2019,Economy,99,DAL-LGA,648,Roland Fjeld
agayman@vizpainter.com,False,5/18/2019,6/22/2019,Business,101,DAL-AUS,45,Anna Gayman
psewall@vizpainter.com,False,11/12/2019,12/8/2019,Economy,127,DAL-LGA,602,Penelope Sewall
dordway,True,11/22/2018,1/25/2019,Economy,105,DAL-MDW,228,Denny Ordway
rpayne@vizpainter.com,False,9/12/2019,10/6/2019,First Class,236,DAL-HOU,617,Rachel Payne
bstugart@vizpainter.com,False,1/4/2019,2/4/2019,Economy,82,DAL-OKC,111,Brian Stugart
hgreene@vizpainter.com,True,12/25/2018,2/22/2019,Economy,118,DAL-PHX,322,Harry Greene
twillingham@vizpainter.com,False,5/15/2019,6/27/2019,First Class,266,DAL-SEA,734,Tamara Willingham
bpistole@vizpainter.com,True,8/17/2019,9/7/2019,First Class,275,DAL-LGA,73,Bart Pistole
ptakahito@vizpainter.com,False,11/16/2019,12/2/2019,Business,110,DAL-AUS,605,Pete Takahito
bdodson@vizpainter.com,True,3/24/2019,4/11/2019,Economy,61,DAL-MDW,104,Brendan Dodson
hpawlan@vizpainter.com,False,10/7/2019,12/20/2019,Economy,133,DAL-HOU,320,Harold Pawlan
ngilpin@vizpainter.com,False,5/30/2019,7/11/2019,Economy,97,DAL-ATL,556,Nat Gilpin
bderr@vizpainter.com,True,1/13/2019,2/28/2019,Economy,106,DAL-GRR,109,Brian Derr
dmartin@vizpainter.com,False,12/11/2019,12/24/2019,Economy,122,DAL-LAS,200,Darrin Martin
dlawera@vizpainter.com,False,4/12/2019,6/8/2019,Business,176,DAL-AUS,190,Dan Lawera
ebarchas@vizpainter.com,False,7/2/2019,10/18/2019,Economy,87,DAL-ATL,273,Eugene Barchas
abarnes@vizpainter.com,True,9/23/2019,11/10/2019,Economy,132,DAL-LAS,11,Alan Barnes
csheldon@vizpainter.com,False,10/5/2019,10/13/2019,Economy,163,DAL-SLC,144,Charles Sheldon
lhernandez@vizpainter.com,False,11/1/2019,11/30/2019,Business,173,DAL-PHX,459,Lena Hernandez
rskaria@vizpainter.com,False,5/18/2019,6/16/2019,Economy,130,DAL-MDW,657,Roy Skaria
dsayre@vizpainter.com,False,10/25/2019,12/12/2019,Business,174,DAL-AUS,201,Darrin Sayre
hlopez@vizpainter.com,False,5/19/2019,9/8/2019,Economy,78,DAL-MDW,335,Hunter Lopez
pprost@vizpainter.com,False,6/15/2019,8/22/2019,Economy,98,DAL-HOU,596,Paul Prost
cmelton@vizpainter.com,False,6/20/2019,9/17/2019,Business,169,DAL-ATL,145,Charlotte Melton
atate@vizpainter.com,False,11/14/2019,11/29/2019,Business,136,DAL-ATL,29,Alyssa Tate
lweiss@vizpainter.com,True,11/7/2019,12/4/2019,Economy,155,DAL-ATL,480,Luke Weiss
hflentye@vizpainter.com,False,7/9/2019,7/15/2019,Economy,126,DAL-LGA,332,Herbert Flentye
cglotzbach@vizpainter.com,False,11/4/2019,11/21/2019,Economy,66,DAL-MDW,135,Catherine Glotzbach
jjackson@vizpainter.com,False,10/26/2019,11/5/2019,Economy,122,DAL-GRR,362,Jennifer Jackson
aarmold@vizpainter.com,False,7/15/2019,8/1/2019,Economy,116,DAL-GRR,25,Allen Armold
tprescott@vizpainter.com,False,10/27/2019,12/4/2019,Economy,130,DAL-AUS,760,Tom Prescott
mludwig@vizpainter.com,False,8/20/2019,8/30/2019,Economy,96,DAL-HOU,516,Max Ludwig
sengle@vizpainter.com,False,9/1/2019,10/21/2019,Economy,88,DAL-PHX,673,Sanjit Engle
mkennedy@vizpainter.com,False,10/8/2019,11/12/2019,Business,148,DAL-PHX,543,Mike Kennedy
eludwig@vizpainter.com,False,4/26/2019,8/18/2019,Economy,112,DAL-HOU,248,Ed Ludwig
lcazamias@vizpainter.com,False,10/19/2019,12/2/2019,Economy,95,DAL-AUS,461,Linda Cazamias
ahwang@vizpainter.com,True,7/30/2019,9/5/2019,Economy,123,DAL-SEA,14,Alan Hwang
rdowd@vizpainter.com,False,8/21/2019,9/15/2019,Economy,78,DAL-LGA,638,Rob Dowd
carntzen@vizpainter.com,False,12/3/2019,12/28/2019,Economy,77,DAL-AUS,184,Cynthia Arntzen
jsundaresam@vizpainter.com,False,9/27/2019,12/28/2019,Economy,131,DAL-MDW,395,Joni Sundaresam
tchand@vizpainter.com,False,8/27/2019,12/25/2019,Business,177,DAL-LGA,731,Tamara Chand
cdelaney@vizpainter.com,True,9/16/2019,11/12/2019,Economy,75,DAL-PHX,185,Cynthia Delaney
mcollister@vizpainter.com,False,5/16/2019,7/19/2019,Economy,91,DAL-SLC,505,Matt Collister
hjas@vizpainter.com,False,7/11/2019,8/15/2019,Business,80,DAL-OKC,324,Heather Jas
mlaware@vizpainter.com,False,7/4/2019,7/31/2019,Economy,61,DAL-HOU,493,Maris LaWare
kthornton@vizpainter.com,False,6/13/2019,8/2/2019,Economy,96,DAL-ELP,431,Kean Thornton
bpak@vizpainter.com,True,8/25/2019,11/25/2019,Business,130,DAL-GRR,77,Becky Pak
tpippenger@vizpainter.com,False,5/4/2019,6/19/2019,Business,98,DAL-AUS,741,Theone Pippenger
dpoirier@vizpainter.com,False,9/3/2019,12/25/2019,Economy,137,DAL-AUS,206,Dave Poirier
ajones@vizpainter.com,False,3/29/2019,6/12/2019,Economy,129,DAL-ATL,64,Astrea Jones
nlomonaco@vizpainter.com,False,4/19/2019,8/16/2019,Economy,91,DAL-SEA,553,Nancy Lomonaco
sparks@vizpainter.com,True,7/1/2019,7/22/2019,Economy,122,DAL-OKC,702,Sibella Parks
creiten@vizpainter.com,False,2/26/2019,3/22/2019,Economy,131,DAL-MDW,187,Cyra Reiten
mo'rourke@vizpainter.com,True,4/24/2019,5/8/2019,Economy,61,DAL-AUS,499,Mary O'Rourke
knockton@vizpainter.com,True,7/13/2019,9/3/2019,Economy,104,DAL-HOU,425,Katherine Nockton
dweiss@vizpainter.com,False,3/27/2019,5/6/2019,Economy,89,DAL-OKC,235,Don Weiss
jgalang@vizpainter.com,False,3/24/2019,4/20/2019,Economy,158,DAL-MDW,343,James Galang
rwilson@vizpainter.com,False,10/28/2019,11/25/2019,Economy,88,DAL-HOU,635,Rick Wilson
jradford@vizpainter.com,False,12/6/2019,12/25/2019,Economy,105,DAL-ATL,377,Jim Radford
ssunley@vizpainter.com,False,9/30/2019,10/24/2019,Economy,107,DAL-PHX,705,Sonia Sunley
rlucas@vizpainter.com,True,6/1/2019,6/18/2019,Economy,105,DAL-ATL,640,Rob Lucas
ajacobs@vizpainter.com,False,9/4/2019,9/20/2019,Economy,123,DAL-MDW,52,Anthony Jacobs
ghansen@vizpainter.com,False,7/1/2019,8/1/2019,Economy,141,DAL-ATL,293,Gary Hansen
emoren@vizpainter.com,False,1/26/2019,2/19/2019,Economy,119,DAL-LGA,275,Eugene Moren
dwardle@vizpainter.com,False,3/16/2019,4/17/2019,Economy,141,DAL-CLE,238,Dorothy Wardle
mgastineau@vizpainter.com,False,9/7/2019,10/14/2019,Economy,119,DAL-HOU,546,Mitch Gastineau
dlawera@vizpainter.com,True,8/24/2019,9/20/2019,Business,175,DAL-ATL,190,Dan Lawera
rmesse@vizpainter.com,False,8/12/2019,9/4/2019,Business,127,DAL-AUS,624,Raymond Messe
iliston@vizpainter.com,False,3/15/2019,3/30/2019,Economy,83,DAL-LAS,339,Ivan Liston
emurdock@vizpainter.com,False,10/23/2019,11/12/2019,Economy,71,DAL-AUS,263,Eric Murdock
againer@vizpainter.com,True,10/17/2019,12/20/2019,Economy,103,DAL-LAS,60,Arthur Gainer
jmolinari@vizpainter.com,False,10/16/2019,11/9/2019,Economy,151,DAL-HOU,350,Janet Molinari
jhirsh@vizpainter.com,False,8/12/2019,9/12/2019,Economy,87,DAL-LAS,411,Justin Hirsh
nfritzler@vizpainter.com,False,7/15/2019,10/11/2019,Business,123,DAL-GRR,558,Natalie Fritzler
pwener@vizpainter.com,False,1/31/2019,3/7/2019,Business,127,DAL-AUS,615,Pierre Wener
tdahlen@vizpainter.com,False,1/22/2019,2/14/2019,Economy,123,DAL-OKC,732,Tamara Dahlen
npaige@vizpainter.com,False,11/13/2019,12/26/2019,Economy,68,DAL-HOU,577,Nora Paige
acrouse@vizpainter.com,False,10/22/2019,12/21/2019,Economy,138,DAL-ATL,28,Alyssa Crouse
bshonely@vizpainter.com,False,7/30/2019,9/5/2019,Economy,112,DAL-OKC,91,Bill Shonely
bvenier@vizpainter.com,False,3/25/2019,4/19/2019,Economy,97,DAL-OKC,83,Benjamin Venier
snguyen@vizpainter.com,False,8/27/2019,9/17/2019,Economy,97,DAL-AUS,713,Steve Nguyen
ckinney@vizpainter.com,True,9/11/2019,11/15/2019,Business,80,DAL-AUS,183,Cyma Kinney
cdarley@vizpainter.com,False,10/9/2019,12/3/2019,Business,161,DAL-LGA,131,Carol Darley
awiediger@vizpainter.com,False,7/20/2019,9/16/2019,First Class,233,DAL-ATL,62,Arthur Wiediger
knguyen@vizpainter.com,False,9/3/2019,10/1/2019,First Class,239,DAL-ATL,429,Kean Nguyen
gzrebassa@vizpainter.com,False,4/26/2019,6/4/2019,First Class,285,DAL-MDW,302,George Zrebassa
kmeade@vizpainter.com,False,9/23/2019,12/12/2019,Economy,157,DAL-SLC,414,Kalyca Meade
cmcguire@vizpainter.com,True,5/28/2019,6/28/2019,Economy,147,DAL-ATL,140,Chad McGuire
jkriz@vizpainter.com,False,9/23/2019,11/25/2019,Economy,72,DAL-OKC,375,Jim Kriz
ashonely@vizpainter.com,False,12/26/2018,1/27/2019,Economy,81,DAL-SFO,16,Alan Shonely
nhansen@vizpainter.com,False,10/12/2019,10/26/2019,Economy,149,DAL-LAS,573,Nicole Hansen
cschnelling@vizpainter.com,False,6/30/2019,7/26/2019,First Class,211,DAL-MDW,165,Cindy Schnelling
agayman@vizpainter.com,True,6/8/2019,6/22/2019,Business,138,DAL-LGA,45,Anna Gayman
dordway,False,12/14/2018,1/25/2019,Economy,66,DAL-LGA,228,Denny Ordway
jgalang@vizpainter.com,False,5/21/2019,6/21/2019,Economy,110,DAL-LAS,343,James Galang
fgastineau@vizpainter.com,False,12/2/2018,1/6/2019,Economy,108,DAL-OKC,283,Frank Gastineau
bpistole@vizpainter.com,False,8/14/2019,9/7/2019,Economy,83,DAL-MDW,73,Bart Pistole
jritter@vizpainter.com,False,2/3/2019,4/7/2019,First Class,279,DAL-OKC,413,Justin Ritter
phirasaki@vizpainter.com,False,9/20/2019,10/8/2019,Economy,138,DAL-PHX,585,Patricia Hirasaki
arawles@vizpainter.com,True,8/13/2019,10/5/2019,Business,91,DAL-SEA,55,Anthony Rawles
ngilpin@vizpainter.com,False,4/16/2019,7/11/2019,Economy,98,DAL-GRR,556,Nat Gilpin
dmiller@vizpainter.com,True,9/1/2019,9/25/2019,Economy,72,DAL-GRR,234,Don Miller
bderr@vizpainter.com,False,1/27/2019,2/28/2019,Economy,143,DAL-PHX,109,Brian Derr
dmartin@vizpainter.com,True,10/14/2019,12/24/2019,Economy,159,DAL-GRR,200,Darrin Martin
hredmond@vizpainter.com,False,10/4/2019,10/24/2019,Economy,159,DAL-ATL,317,Hallie Redmond
csheldon@vizpainter.com,False,9/23/2019,10/13/2019,Economy,146,DAL-SLC,144,Charles Sheldon
rskaria@vizpainter.com,False,5/28/2019,6/16/2019,Economy,137,DAL-LAS,657,Roy Skaria
hlopez@vizpainter.com,False,8/17/2019,9/8/2019,Economy,112,DAL-ATL,335,Hunter Lopez
pprost@vizpainter.com,False,7/4/2019,8/22/2019,Economy,63,DAL-HOU,596,Paul Prost
jmartin@vizpainter.com,False,7/20/2019,9/5/2019,Economy,138,DAL-MDW,349,Janet Martin
cmelton@vizpainter.com,False,8/15/2019,9/17/2019,Economy,72,DAL-ELP,145,Charlotte Melton
tmolinari@vizpainter.com,True,12/16/2019,12/24/2019,First Class,229,DAL-MDW,764,Tony Molinari
gguthrie@vizpainter.com,True,11/9/2019,12/15/2019,Business,94,DAL-AUS,309,Greg Guthrie
aarmold@vizpainter.com,False,6/29/2019,8/1/2019,Business,124,DAL-PHX,25,Allen Armold
sengle@vizpainter.com,False,9/3/2019,10/21/2019,Economy,107,DAL-SLC,673,Sanjit Engle
cleslie@vizpainter.com,False,11/10/2018,1/17/2019,Economy,137,DAL-AUS,179,Craig Leslie
eludwig@vizpainter.com,False,7/22/2019,8/18/2019,Economy,139,DAL-LAS,248,Ed Ludwig
lcazamias@vizpainter.com,True,11/10/2019,12/2/2019,Economy,144,DAL-LGA,461,Linda Cazamias
ahwang@vizpainter.com,False,6/19/2019,9/5/2019,Economy,75,DAL-LAS,14,Alan Hwang
rdowd@vizpainter.com,True,7/13/2019,9/15/2019,Economy,123,DAL-LGA,638,Rob Dowd
jsundaresam@vizpainter.com,True,12/6/2019,12/28/2019,Economy,66,DAL-LAS,395,Joni Sundaresam
tchand@vizpainter.com,False,12/1/2019,12/25/2019,Economy,109,DAL-LAS,731,Tamara Chand
hjas@vizpainter.com,False,7/10/2019,8/15/2019,Economy,98,DAL-PHX,324,Heather Jas
mlaware@vizpainter.com,False,4/28/2019,7/31/2019,Economy,69,DAL-MDW,493,Maris LaWare
kthornton@vizpainter.com,False,7/3/2019,8/2/2019,Economy,88,DAL-PHX,431,Kean Thornton
bpak@vizpainter.com,False,11/14/2019,11/25/2019,Economy,117,DAL-PHX,77,Becky Pak
dpoirier@vizpainter.com,False,11/11/2019,12/25/2019,Economy,124,DAL-HOU,206,Dave Poirier
jellison@vizpainter.com,True,10/1/2019,11/2/2019,Economy,152,DAL-LAS,364,Jeremy Ellison
ajones@vizpainter.com,False,5/10/2019,6/12/2019,Economy,91,DAL-ATL,64,Astrea Jones
nlomonaco@vizpainter.com,False,7/15/2019,8/16/2019,Economy,84,DAL-ATL,553,Nancy Lomonaco
creiten@vizpainter.com,True,2/19/2019,3/22/2019,Business,109,DAL-SEA,187,Cyra Reiten
mo'rourke@vizpainter.com,False,4/22/2019,5/8/2019,First Class,237,DAL-MDW,499,Mary O'Rourke
knockton@vizpainter.com,False,6/27/2019,9/3/2019,Business,117,DAL-ATL,425,Katherine Nockton
jgalang@vizpainter.com,False,4/2/2019,4/20/2019,Economy,68,DAL-ELP,343,James Galang
schand@vizpainter.com,False,2/14/2019,4/29/2019,Economy,112,DAL-GRR,672,Sanjit Chand
jradford@vizpainter.com,False,12/5/2019,12/25/2019,Business,172,DAL-PHX,377,Jim Radford
rbarroso@vizpainter.com,False,10/16/2019,11/14/2019,First Class,261,DAL-LGA,642,Robert Barroso
rlucas@vizpainter.com,False,4/14/2019,6/18/2019,Economy,95,DAL-LAS,640,Rob Lucas
ajacobs@vizpainter.com,False,8/28/2019,9/20/2019,Business,93,DAL-SEA,52,Anthony Jacobs
emoren@vizpainter.com,False,1/31/2019,2/19/2019,Business,152,DAL-OKC,275,Eugene Moren
dwardle@vizpainter.com,True,2/8/2019,4/17/2019,Economy,142,DAL-LGA,238,Dorothy Wardle
so'donnell@vizpainter.com,False,2/4/2019,5/4/2019,Economy,81,DAL-OKC,688,Sean O'Donnell
dlawera@vizpainter.com,False,9/7/2019,9/20/2019,Economy,145,DAL-MDW,190,Dan Lawera
aschoenberger@vizpainter.com,False,1/10/2019,3/27/2019,Economy,90,DAL-MDW,15,Alan Schoenberger
kcollister@vizpainter.com,True,5/29/2019,6/19/2019,First Class,296,DAL-OKC,435,Kelly Collister
cmolinari@vizpainter.com,False,8/31/2019,9/15/2019,Economy,75,DAL-AUS,180,Craig Molinari
lcurrie@vizpainter.com,False,10/12/2019,11/24/2019,First Class,285,DAL-MDW,475,Logan Currie
emurdock@vizpainter.com,False,10/5/2019,11/12/2019,Economy,141,DAL-LAS,263,Eric Murdock
againer@vizpainter.com,False,11/25/2019,12/20/2019,Economy,121,DAL-LAS,60,Arthur Gainer
jmolinari@vizpainter.com,False,10/25/2019,11/9/2019,Economy,106,DAL-OKC,350,Janet Molinari
areiter@vizpainter.com,False,10/8/2019,12/21/2019,Economy,143,DAL-LAS,36,Andy Reiter
nfritzler@vizpainter.com,True,8/22/2019,10/11/2019,Economy,77,DAL-AUS,558,Natalie Fritzler
jdaniels@vizpainter.com,False,8/3/2019,9/5/2019,Economy,128,DAL-AUS,400,Joy Daniels
tdahlen@vizpainter.com,False,1/22/2019,2/14/2019,Economy,77,DAL-GRR,732,Tamara Dahlen
cmitchell@vizpainter.com,False,4/9/2019,4/30/2019,Business,95,DAL-SEA,176,Corinna Mitchell
achung@vizpainter.com,False,7/16/2019,9/29/2019,Economy,141,DAL-ELP,44,Anna Chung
rbeeghly@vizpainter.com,False,8/28/2019,10/7/2019,Business,157,DAL-PHX,637,Rob Beeghly
lshagiari@vizpainter.com,False,9/21/2019,10/30/2019,Economy,132,DAL-ATL,464,Lindsay Shagiari
lshagiari@vizpainter.com,False,8/31/2019,10/23/2019,First Class,249,DAL-AUS,464,Lindsay Shagiari
jcaffey@vizpainter.com,False,9/19/2019,12/7/2019,Economy,145,DAL-MDW,358,Jenna Caffey
cdarley@vizpainter.com,False,10/26/2019,12/3/2019,Economy,114,DAL-HOU,131,Carol Darley
arussell@vizpainter.com,False,9/14/2019,10/16/2019,Business,154,DAL-AUS,23,Alex Russell
kmeade@vizpainter.com,False,10/31/2019,12/12/2019,Economy,122,DAL-SEA,414,Kalyca Meade
tbrockman@vizpainter.com,False,10/12/2019,11/9/2019,Economy,159,DAL-AUS,749,Tim Brockman
ddickinson@vizpainter.com,False,10/3/2019,11/14/2019,Economy,70,DAL-HOU,237,Dorothy Dickinson
ashonely@vizpainter.com,False,1/2/2019,1/27/2019,Business,103,DAL-AUS,16,Alan Shonely
gbell@vizpainter.com,False,11/2/2019,11/28/2019,First Class,231,DAL-ELP,301,George Bell
dwilson@vizpainter.com,False,10/16/2019,12/5/2019,Business,164,DAL-PHX,231,Dianna Wilson
mkennedy@vizpainter.com,False,8/7/2019,8/22/2019,Economy,138,DAL-OKC,543,Mike Kennedy
kbrennan@vizpainter.com,False,11/25/2019,12/21/2019,Economy,113,DAL-HOU,439,Ken Brennan
dordway,False,10/31/2018,1/25/2019,Economy,108,DAL-HOU,228,Denny Ordway
bstugart@vizpainter.com,False,12/22/2018,2/4/2019,Economy,138,DAL-HOU,111,Brian Stugart
ghansen@vizpainter.com,True,4/4/2019,4/24/2019,Economy,80,DAL-OKC,293,Gary Hansen
jgalang@vizpainter.com,True,3/13/2019,6/21/2019,First Class,300,DAL-PHX,343,James Galang
ncano@vizpainter.com,False,6/4/2019,7/2/2019,Economy,90,DAL-MDW,560,Nathan Cano
fhawley@vizpainter.com,False,9/18/2019,10/30/2019,Economy,119,DAL-AUS,284,Frank Hawley
bdonatelli@vizpainter.com,False,9/10/2019,11/28/2019,Economy,136,DAL-OKC,88,Bill Donatelli
rbuch,False,7/6/2019,9/6/2019,Business,121,DAL-AUS,623,Raymond Buch
bdodson@vizpainter.com,False,3/4/2019,4/11/2019,Economy,124,DAL-SEA,104,Brendan Dodson
arawles@vizpainter.com,False,9/17/2019,10/5/2019,Economy,62,DAL-TUL,55,Anthony Rawles
dmiller@vizpainter.com,False,8/28/2019,9/25/2019,Economy,60,DAL-HOU,234,Don Miller
pprost@vizpainter.com,False,11/2/2019,12/23/2019,First Class,300,DAL-HOU,596,Paul Prost
abergman@vizpainter.com,False,4/24/2019,7/4/2019,First Class,246,DAL-HOU,1,Aaron Bergman
dphilippe@vizpainter.com,False,10/26/2019,12/10/2019,Economy,148,DAL-MDW,210,David Philippe
bderr@vizpainter.com,False,1/27/2019,2/28/2019,Economy,155,DAL-AUS,109,Brian Derr
jhuston@vizpainter.com,False,9/23/2019,10/27/2019,Business,121,DAL-PHX,387,John Huston
rhaberlin@vizpainter.com,False,3/29/2019,4/11/2019,First Class,218,DAL-HOU,639,Rob Haberlin
hredmond@vizpainter.com,True,9/23/2019,10/24/2019,Business,175,DAL-PHX,317,Hallie Redmond
jkriz@vizpainter.com,False,11/5/2019,11/20/2019,First Class,244,DAL-PHX,407,Julie Kriz
xxxx,False,10/24/2019,11/27/2019,Business,154,DAL-AUS,739,Thea Hendricks
mpelletier@vizpainter.com,False,8/30/2019,11/18/2019,Business,116,DAL-AUS,544,Mike Pelletier
lworkman@vizpainter.com,False,9/28/2019,12/10/2019,Economy,146,DAL-HOU,454,Laurel Workman
rcrowe@vizpainter.com,False,5/29/2019,6/30/2019,Business,123,DAL-SLC,663,Ryan Crowe
moakman@vizpainter.com,False,10/2/2019,10/17/2019,Economy,157,DAL-OKC,529,Michael Oakman
mhagelstein@vizpainter.com,True,10/21/2019,11/6/2019,Economy,93,DAL-HOU,507,Matt Hagelstein
pmcvee@vizpainter.com,False,8/17/2019,10/26/2019,Economy,138,DAL-PHX,608,Peter McVee
jjackson@vizpainter.com,False,8/6/2019,11/5/2019,First Class,254,DAL-SEA,362,Jennifer Jackson
ahwang@vizpainter.com,True,8/24/2019,9/5/2019,Economy,77,DAL-OKC,14,Alan Hwang
ahwang@vizpainter.com,False,7/30/2019,9/5/2019,Economy,96,DAL-LGA,14,Alan Hwang
rdowd@vizpainter.com,True,7/14/2019,9/15/2019,Economy,84,DAL-AUS,638,Rob Dowd
jhowell@vizpainter.com,False,11/12/2019,12/4/2019,Economy,145,DAL-GRR,393,Jonathan Howell
tchand@vizpainter.com,False,11/23/2019,12/25/2019,Business,169,DAL-SLC,731,Tamara Chand
pbreyer@vizpainter.com,False,8/25/2019,9/12/2019,Economy,142,DAL-LGA,613,Phillip Breyer
jfein@vizpainter.com,True,12/24/2018,1/30/2019,Economy,98,DAL-LGA,356,Jay Fein
jellison@vizpainter.com,True,10/8/2019,11/2/2019,Economy,95,DAL-ELP,364,Jeremy Ellison
ebailliet@vizpainter.com,False,11/30/2019,12/26/2019,Business,136,DAL-OKC,277,Evan Bailliet
mgastineau@vizpainter.com,False,9/5/2019,9/22/2019,First Class,211,DAL-AUS,511,Maureen Gastineau
knockton@vizpainter.com,False,9/8/2019,9/26/2019,Economy,65,DAL-AMA,425,Katherine Nockton
achong@vizpainter.com,False,10/6/2019,12/2/2019,First Class,217,DAL-HOU,41,Ann Chong
rbarroso@vizpainter.com,False,8/11/2019,9/14/2019,Economy,73,DAL-MDW,642,Robert Barroso
mabelman@vizpainter.com,False,9/22/2019,10/17/2019,Economy,147,DAL-HOU,503,Matt Abelman
creiten@vizpainter.com,False,1/17/2019,3/22/2019,Business,151,DAL-SEA,187,Cyra Reiten
creiten@vizpainter.com,True,2/8/2019,3/22/2019,Economy,147,DAL-MDW,187,Cyra Reiten
mo'rourke@vizpainter.com,False,4/24/2019,5/8/2019,Economy,135,DAL-MDW,499,Mary O'Rourke
gzandusky@vizpainter.com,False,8/1/2019,9/7/2019,Economy,73,DAL-SLC,297,Gary Zandusky
lleatherbury@vizpainter.com,False,3/2/2019,6/19/2019,First Class,277,DAL-HOU,455,Lauren Leatherbury
abarton@vizpainter.com,False,10/26/2019,11/23/2019,Economy,105,DAL-HOU,7,Adrian Barton
rapplegate@vizpainter.com,False,9/13/2019,11/3/2019,Economy,147,DAL-HOU,660,Russell Applegate
jradford@vizpainter.com,False,12/20/2019,12/25/2019,Economy,109,DAL-SEA,377,Jim Radford
rbarroso@vizpainter.com,True,10/10/2019,11/14/2019,Economy,96,DAL-HOU,642,Robert Barroso
ajacobs@vizpainter.com,False,7/25/2019,9/20/2019,Economy,89,DAL-HOU,52,Anthony Jacobs
draglin@vizpainter.com,False,11/9/2019,12/1/2019,Economy,126,DAL-PHX,195,Daniel Raglin
svisinsky@vizpainter.com,False,10/2/2019,12/3/2019,Economy,104,DAL-AUS,718,Stewart Visinsky
gmaxwell@vizpainter.com,False,9/10/2019,11/27/2019,Economy,83,DAL-ATL,312,Greg Maxwell
hmarie@vizpainter.com,False,8/22/2019,10/27/2019,Business,157,DAL-AUS,323,Harry Marie
tturnell@vizpainter.com,True,10/30/2019,11/20/2019,Economy,141,DAL-ATL,762,Tonja Turnell
rmurray@vizpainter.com,False,4/16/2019,5/23/2019,Economy,128,DAL-PHX,649,Roland Murray
ehernandez@vizpainter.com,False,11/13/2019,12/19/2019,First Class,253,DAL-ATL,266,Erica Hernandez
bodegard@vizpainter.com,False,5/29/2019,7/14/2019,Economy,148,DAL-OKC,95,Bobby Odegard
emurdock@vizpainter.com,False,10/18/2019,11/12/2019,Economy,116,DAL-PHX,263,Eric Murdock
againer@vizpainter.com,False,12/8/2019,12/20/2019,Economy,108,DAL-OKC,60,Arthur Gainer
ahäberlin@vizpainter.com,False,9/21/2019,12/20/2019,Economy,72,DAL-HOU,46,Anna Häberlin
pober@vizpainter.com,False,10/11/2019,12/23/2019,Economy,146,DAL-HOU,612,Phillina Ober
cdaly@vizpainter.com,False,10/6/2019,11/10/2019,First Class,274,DAL-AUS,127,Carlos Daly
djones@vizpainter.com,False,4/20/2019,6/2/2019,First Class,251,DAL-HOU,233,Don Jones
bodegard@vizpainter.com,False,8/5/2019,10/6/2019,Economy,72,DAL-AUS,95,Bobby Odegard
pchand@vizpainter.com,False,8/27/2019,9/27/2019,Business,95,DAL-LGA,599,Pauline Chand
scraven@vizpainter.com,True,5/16/2019,9/10/2019,Business,164,DAL-AUS,667,Sam Craven
tpippenger@vizpainter.com,False,9/5/2019,11/12/2019,Economy,84,DAL-HOU,741,Theone Pippenger
jcaffey@vizpainter.com,True,9/29/2019,12/7/2019,Economy,121,DAL-HOU,358,Jenna Caffey
csayre@vizpainter.com,False,4/25/2019,6/19/2019,Economy,76,DAL-ATL,122,Cari Sayre
arussell@vizpainter.com,False,8/26/2019,10/16/2019,Business,144,DAL-SEA,23,Alex Russell
mkennedy@vizpainter.com,False,11/27/2019,12/15/2019,Economy,138,DAL-LGA,526,Michael Kennedy
rarnett@vizpainter.com,False,12/4/2019,12/29/2019,Economy,140,DAL-GRR,618,Ralph Arnett
kmeade@vizpainter.com,False,11/6/2019,12/12/2019,Business,89,DAL-ELP,414,Kalyca Meade
swilliamson@vizpainter.com,False,2/14/2019,3/8/2019,Economy,130,DAL-AMA,684,Scott Williamson
mgrace@vizpainter.com,False,3/29/2019,6/13/2019,Economy,107,DAL-SEA,524,Michael Grace
lcacioppo@vizpainter.com,False,9/15/2019,11/27/2019,First Class,241,DAL-LGA,457,Lena Cacioppo
agarverick@vizpainter.com,True,9/8/2019,11/22/2019,Economy,88,DAL-HOU,51,Anthony Garverick
dliebe@vizpainter.com,False,8/27/2019,10/7/2019,Economy,86,DAL-AUS,239,Dorris liebe
dwilson@vizpainter.com,False,11/14/2019,12/5/2019,Economy,71,DAL-GRR,231,Dianna Wilson
mkennedy@vizpainter.com,True,5/16/2019,8/22/2019,Economy,126,DAL-PHX,543,Mike Kennedy
bfranzösisch@vizpainter.com,True,7/29/2019,9/26/2019,Economy,141,DAL-LGA,68,Barry Französisch
gashbrook@vizpainter.com,False,9/11/2019,11/4/2019,Economy,94,DAL-GRR,300,George Ashbrook
dordway,False,1/8/2019,1/25/2019,Economy,112,DAL-HOU,228,Denny Ordway
rpayne@vizpainter.com,False,9/10/2019,10/6/2019,Economy,155,DAL-HOU,617,Rachel Payne
cschild@vizpainter.com,False,6/27/2019,7/27/2019,First Class,252,DAL-HOU,159,Christopher Schild
bstugart@vizpainter.com,False,1/10/2019,2/4/2019,Economy,132,DAL-HOU,111,Brian Stugart
hengle@vizpainter.com,False,11/21/2019,12/2/2019,Economy,159,DAL-LAS,319,Harold Engle
ptakahito@vizpainter.com,True,10/23/2019,12/2/2019,Economy,146,DAL-OKC,605,Pete Takahito
habelman@vizpainter.com,False,3/19/2019,5/18/2019,Economy,94,DAL-PHX,326,Helen Abelman
bdodson@vizpainter.com,False,2/24/2019,4/11/2019,Economy,111,DAL-AUS,104,Brendan Dodson
jklamczynski@vizpainter.com,True,4/16/2019,5/25/2019,Economy,115,DAL-OKC,354,Jason Klamczynski
nradford@vizpainter.com,False,6/5/2019,6/21/2019,Business,103,DAL-OKC,569,Nick Radford
pprost@vizpainter.com,False,12/5/2019,12/23/2019,Economy,98,DAL-LGA,596,Paul Prost
dphilippe@vizpainter.com,True,9/24/2019,12/10/2019,Economy,125,DAL-MDW,210,David Philippe
klonsdale@vizpainter.com,False,7/22/2019,8/4/2019,Economy,106,DAL-PHX,442,Ken Lonsdale
tsayre@vizpainter.com,False,11/1/2019,11/11/2019,Economy,109,DAL-OKC,765,Tony Sayre
dhuffman@vizpainter.com,False,7/20/2019,10/10/2019,Economy,92,DAL-AUS,244,Duane Huffman
cselesnick@vizpainter.com,False,1/27/2019,4/2/2019,Economy,98,DAL-OKC,149,Chris Selesnick
abarnes@vizpainter.com,True,10/9/2019,11/10/2019,Economy,110,DAL-TUL,11,Alan Barnes
bmurry@vizpainter.com,False,11/16/2018,1/31/2019,Economy,104,DAL-OKC,105,Brendan Murry
dmiller@vizpainter.com,False,7/16/2019,8/28/2019,Economy,141,DAL-AUS,234,Don Miller
jblumstein@vizpainter.com,False,10/12/2019,11/2/2019,First Class,225,DAL-OKC,394,Joni Blumstein
mpelletier@vizpainter.com,False,10/7/2019,11/18/2019,Economy,63,DAL-MDW,544,Mike Pelletier
mvittorini@vizpainter.com,False,4/18/2019,6/30/2019,Economy,115,DAL-ATL,545,Mike Vittorini
tprescott@vizpainter.com,False,1/5/2019,2/13/2019,Business,145,DAL-HOU,760,Tom Prescott
ahane@vizpainter.com,True,10/29/2019,11/21/2019,Economy,130,DAL-CLE,8,Adrian Hane
hflentye@vizpainter.com,False,4/24/2019,7/15/2019,Business,178,DAL-OKC,332,Herbert Flentye
ajohnson@vizpainter.com,False,4/18/2019,6/25/2019,Economy,91,DAL-OKC,53,Anthony Johnson
cglotzbach@vizpainter.com,False,10/31/2019,11/21/2019,Economy,142,DAL-LGA,135,Catherine Glotzbach
pbrown@vizpainter.com,False,6/5/2019,7/7/2019,Economy,85,DAL-PHX,609,Philip Brown
jjackson@vizpainter.com,False,10/12/2019,11/5/2019,Economy,132,DAL-AUS,362,Jennifer Jackson
adominguez@vizpainter.com,False,2/2/2019,5/14/2019,Economy,95,DAL-HOU,12,Alan Dominguez
beason@vizpainter.com,False,8/2/2019,11/25/2019,Economy,119,DAL-SLC,97,Brad Eason
mlee@vizpainter.com,False,11/17/2019,12/7/2019,Economy,68,DAL-AUS,550,Muhammed Lee
ahwang@vizpainter.com,False,7/24/2019,9/5/2019,Economy,81,DAL-GRR,14,Alan Hwang
ahwang@vizpainter.com,False,8/13/2019,9/5/2019,Economy,111,DAL-AUS,14,Alan Hwang
rdowd@vizpainter.com,True,8/22/2019,9/15/2019,Economy,153,DAL-GRR,638,Rob Dowd
croper@vizpainter.com,False,8/28/2019,9/29/2019,Economy,146,DAL-LAS,174,Corey Roper
jblumstein@vizpainter.com,True,9/18/2019,11/22/2019,First Class,222,DAL-ATL,394,Joni Blumstein
klampkin@vizpainter.com,False,11/12/2019,11/24/2019,Business,99,DAL-LAS,436,Kelly Lampkin
gphonely@vizpainter.com,False,5/18/2019,8/3/2019,Economy,122,DAL-HOU,315,Guy Phonely
jfein@vizpainter.com,False,6/26/2019,7/14/2019,Economy,84,DAL-MDW,356,Jay Fein
bpak@vizpainter.com,False,10/19/2019,11/25/2019,Economy,103,DAL-MDW,77,Becky Pak
sdaniels@vizpainter.com,True,7/10/2019,11/9/2019,Economy,133,DAL-LGA,698,Shirley Daniels
cludwig@vizpainter.com,True,11/22/2019,12/10/2019,Economy,108,DAL-AMA,125,Carl Ludwig
achong@vizpainter.com,True,9/10/2019,12/2/2019,Business,82,DAL-AUS,41,Ann Chong
tchand@vizpainter.com,False,1/18/2019,1/30/2019,Economy,70,DAL-ELP,731,Tamara Chand
mzettner@vizpainter.com,False,10/2/2019,10/11/2019,Economy,91,DAL-PHX,488,Maria Zettner
lpelletier@vizpainter.com,False,8/31/2019,11/13/2019,Business,116,DAL-MDW,471,Liz Pelletier
jkimmel@vizpainter.com,False,5/12/2019,6/1/2019,First Class,237,DAL-PHX,357,Jay Kimmel
creiten@vizpainter.com,False,3/8/2019,3/22/2019,Economy,151,DAL-HOU,187,Cyra Reiten
crozendal@vizpainter.com,True,10/22/2019,12/9/2019,Economy,105,DAL-HOU,171,Clay Rozendal
aallen@vizpainter.com,False,10/22/2019,12/31/2019,Economy,151,DAL-MDW,32,Andrew Allen
dblanton@vizpainter.com,False,11/1/2019,12/27/2019,Economy,122,DAL-PHX,226,Denny Blanton
ssunley@vizpainter.com,False,8/13/2019,10/24/2019,Economy,60,DAL-SFO,705,Sonia Sunley
ajacobs@vizpainter.com,False,8/27/2019,9/20/2019,Economy,70,DAL-AUS,52,Anthony Jacobs
dkotsonis@vizpainter.com,False,10/27/2019,12/2/2019,Economy,91,DAL-GRR,188,Damala Kotsonis
schand@vizpainter.com,True,12/1/2019,12/24/2019,First Class,234,DAL-HOU,672,Sanjit Chand
eminnotte@vizpainter.com,False,6/19/2019,8/11/2019,Economy,112,DAL-LGA,279,Evan Minnotte
bmoss@vizpainter.com,False,8/31/2019,12/12/2019,First Class,306,DAL-OKC,110,Brian Moss
fgastineau@vizpainter.com,False,9/16/2019,11/16/2019,Economy,66,DAL-AUS,283,Frank Gastineau
rmurray@vizpainter.com,False,3/20/2019,5/23/2019,Business,90,DAL-AUS,649,Roland Murray
ehernandez@vizpainter.com,False,11/19/2019,12/19/2019,Economy,147,DAL-AUS,266,Erica Hernandez
dkendrick@vizpainter.com,False,10/1/2019,11/9/2019,Economy,68,DAL-AUS,209,David Kendrick
xxx,False,10/13/2019,11/24/2019,Economy,101,DAL-OKC,479,Luke Schmidt
mjones@vizpainter.com,True,9/11/2019,12/18/2019,Economy,123,DAL-HOU,515,Max Jones
lwilliams@vizpainter.com,False,6/15/2019,7/4/2019,Business,101,DAL-LAS,465,Lindsay Williams
hzydlo@vizpainter.com,False,11/6/2019,11/23/2019,Economy,76,DAL-ELP,329,Henia Zydlo
athurman@vizpainter.com,False,9/26/2019,10/7/2019,Economy,156,DAL-SLC,49,Annie Thurman
scalhoun@vizpainter.com,True,2/16/2019,4/4/2019,Business,127,DAL-SLC,719,Stuart Calhoun
gtran@vizpainter.com,False,10/5/2019,10/23/2019,Economy,123,DAL-SEA,313,Greg Tran
csachs@vizpainter.com,True,1/8/2019,2/12/2019,Economy,104,DAL-LAS,163,Chuck Sachs
sbern@vizpainter.com,False,11/19/2019,12/10/2019,Business,168,DAL-OKC,677,Sarah Bern
sann@vizpainter.com,False,10/19/2019,11/24/2019,Economy,94,DAL-OKC,721,Sue Ann Reed
pstevenson@vizpainter.com,False,9/12/2019,10/30/2019,Economy,114,DAL-MDW,597,Paul Stevenson
azypern@vizpainter.com,False,7/15/2019,9/18/2019,Business,135,DAL-LGA,50,Annie Zypern
lolson@vizpainter.com,False,8/4/2019,9/9/2019,Economy,95,DAL-HOU,477,Lori Olson
jfarry@vizpainter.com,False,5/12/2019,7/3/2019,Business,128,DAL-PHX,365,Jeremy Farry
ehenry@vizpainter.com,False,9/22/2019,11/30/2019,First Class,282,DAL-HOU,278,Evan Henry
nlomonaco@vizpainter.com,False,3/3/2019,6/30/2019,Economy,141,DAL-LGA,553,Nancy Lomonaco
ajones@vizpainter.com,True,3/26/2019,5/21/2019,Business,112,DAL-LAS,64,Astrea Jones
creiter@vizpainter.com,False,4/7/2019,5/7/2019,Economy,156,DAL-MDW,181,Craig Reiter
csievert@vizpainter.com,False,3/22/2019,5/17/2019,Business,122,DAL-AUS,141,Chad Sievert
ghansen@vizpainter.com,False,9/4/2019,10/14/2019,Business,81,DAL-AUS,310,Greg Hansen
rphan@vizpainter.com,False,10/3/2019,12/4/2019,Economy,120,DAL-ELP,656,Roy Phan
tsissman@vizpainter.com,True,5/15/2019,5/23/2019,Economy,76,DAL-OKC,738,Thais Sissman
cmeador@vizpainter.com,False,10/4/2019,11/24/2019,Economy,132,DAL-MDW,128,Carlos Meador
sbraxton@vizpainter.com,True,9/23/2019,10/25/2019,Economy,80,DAL-GRR,685,Sean Braxton
po'donnell@vizpainter.com,False,8/8/2019,10/8/2019,Economy,92,DAL-MDW,590,Patrick O'Donnell
tmanning@vizpainter.com,False,1/1/2019,1/15/2019,Economy,122,DAL-MDW,733,Tamara Manning
sknutson@vizpainter.com,False,1/9/2019,5/22/2019,Business,86,DAL-HOU,665,Sally Knutson
lfoster@vizpainter.com,False,7/27/2019,9/2/2019,First Class,264,DAL-ATL,478,Luke Foster
tpippenger@vizpainter.com,False,9/16/2019,10/16/2019,Economy,119,DAL-HOU,741,Theone Pippenger
pcoakley,False,7/27/2019,8/26/2019,Economy,138,DAL-AUS,582,Pamela Coakley
mhuthwaite@vizpainter.com,True,4/11/2019,5/22/2019,First Class,260,DAL-ATL,534,Michelle Huthwaite
cjumper@vizpainter.com,False,9/30/2019,11/22/2019,Economy,123,DAL-AUS,133,Caroline Jumper
ckastensmidt@vizpainter.com,False,1/10/2019,3/27/2019,Economy,99,DAL-LAS,146,Chloris Kastensmidt
dordway,True,8/11/2019,10/1/2019,Economy,108,DAL-OKC,228,Denny Ordway
jairdo@vizpainter.com,False,11/3/2019,12/1/2019,Economy,122,DAL-ELP,397,Joseph Airdo
bgonzalez@vizpainter.com,False,8/31/2019,10/22/2019,Economy,108,DAL-MDW,69,Barry Gonzalez
tashbrook@vizpainter.com,False,5/10/2019,5/29/2019,Economy,117,DAL-SLC,758,Tom Ashbrook
lmackendrick@vizpainter.com,False,9/16/2019,12/10/2019,Business,133,DAL-AUS,470,Liz MacKendrick
mwebber@vizpainter.com,False,10/8/2019,11/4/2019,Economy,157,DAL-OKC,547,Mitch Webber
sjordon@vizpainter.com,True,8/4/2019,9/14/2019,Economy,138,DAL-CLE,680,Sarah Jordon
ccrestani@vizpainter.com,False,7/16/2019,9/7/2019,Economy,157,DAL-ATL,142,Charles Crestani
igibson@vizpainter.com,False,2/2/2019,3/5/2019,Economy,117,DAL-HOU,338,Ivan Gibson
rmurray@vizpainter.com,True,1/27/2019,2/8/2019,Economy,132,DAL-HOU,649,Roland Murray
mjones@vizpainter.com,False,9/23/2019,10/10/2019,Economy,111,DAL-AUS,515,Max Jones
kferguson@vizpainter.com,False,4/29/2019,5/27/2019,Economy,84,DAL-MDW,418,Karen Ferguson
aallen@vizpainter.com,False,3/3/2019,3/15/2019,First Class,260,DAL-ATL,32,Andrew Allen
ashonely@vizpainter.com,False,9/21/2019,12/6/2019,Business,132,DAL-AUS,16,Alan Shonely
ajacobs@vizpainter.com,False,11/27/2019,12/11/2019,Economy,79,DAL-GRR,52,Anthony Jacobs
kbavinger@vizpainter.com,False,2/7/2019,3/14/2019,Economy,75,DAL-GRR,426,Katrina Bavinger
kseio@vizpainter.com,False,10/11/2019,11/5/2019,First Class,216,DAL-ELP,419,Karen Seio
cphan@vizpainter.com,False,7/27/2019,10/3/2019,Business,111,DAL-TUL,155,Christine Phan
ghwang@vizpainter.com,False,10/12/2019,12/20/2019,Economy,117,DAL-LGA,294,Gary Hwang
dkane@vizpainter.com,False,9/9/2019,10/11/2019,Economy,60,DAL-PHX,224,Dennis Kane
kheidel@vizpainter.com,True,11/14/2019,12/9/2019,Economy,123,DAL-AUS,441,Ken Heidel
iliston@vizpainter.com,False,11/7/2019,11/22/2019,Economy,152,DAL-AMA,339,Ivan Liston
mbrown@vizpainter.com,False,9/28/2019,12/5/2019,Economy,68,DAL-LGA,538,Mick Brown
hgreene@vizpainter.com,False,6/26/2019,9/5/2019,Economy,136,DAL-ATL,322,Harry Greene
sroach@vizpainter.com,False,11/20/2019,12/15/2019,Economy,140,DAL-HOU,694,Sharelle Roach
jsundaresam@vizpainter.com,False,5/1/2019,8/12/2019,Economy,112,DAL-ATL,395,Joni Sundaresam
spistek@vizpainter.com,False,8/6/2019,8/27/2019,Economy,144,DAL-AUS,727,Susan Pistek
ajones@vizpainter.com,False,4/15/2019,5/21/2019,Business,99,DAL-LGA,64,Astrea Jones
carntzen@vizpainter.com,True,11/8/2019,12/11/2019,First Class,213,DAL-ATL,184,Cynthia Arntzen
rwilson@vizpainter.com,True,8/31/2019,10/16/2019,Economy,116,DAL-SLC,635,Rick Wilson
fmcadams@vizpainter.com,True,11/8/2019,11/26/2019,Business,137,DAL-ATL,280,Filia McAdams
bwatters@vizpainter.com,False,6/28/2019,9/26/2019,Business,166,DAL-AUS,74,Bart Watters
jgalang@vizpainter.com,False,8/26/2019,9/23/2019,Economy,61,DAL-LGA,343,James Galang
aferguson@vizpainter.com,False,6/14/2019,9/8/2019,First Class,231,DAL-SEA,58,Art Ferguson
ebarchas@vizpainter.com,False,8/31/2019,10/7/2019,First Class,256,DAL-ELP,273,Eugene Barchas
jelijah@vizpainter.com,False,9/30/2019,10/27/2019,Economy,132,DAL-PHX,380,Joe Elijah
dvan@vizpainter.com,False,10/24/2019,11/20/2019,Business,82,DAL-OKC,202,Darrin Van Huff
lthompson@vizpainter.com,False,6/11/2019,6/29/2019,Economy,118,DAL-AUS,473,Liz Thompson
plucas@vizpainter.com,False,10/26/2019,12/4/2019,Economy,132,DAL-MDW,594,Paul Lucas
pvan@vizpainter.com,False,8/27/2019,10/28/2019,Economy,104,DAL-LGA,598,Paul Van Hugh
cmagee@vizpainter.com,False,9/10/2019,10/12/2019,Business,109,DAL-LGA,162,Chuck Magee
schapman@vizpainter.com,False,3/23/2019,6/13/2019,Economy,154,DAL-AUS,712,Steve Chapman
lelliston@vizpainter.com,False,6/6/2019,7/9/2019,Economy,61,DAL-HOU,453,Laurel Elliston
awitt@vizpainter.com,False,10/24/2019,12/13/2019,Economy,159,DAL-GRR,56,Anthony Witt
pcoakley,False,8/17/2019,8/26/2019,Economy,126,DAL-AUS,582,Pamela Coakley
fmerwin@vizpainter.com,False,9/5/2019,12/21/2019,First Class,301,DAL-MDW,285,Frank Merwin
rhansen,False,10/9/2019,12/11/2019,Economy,61,DAL-AUS,632,Rick Hansen
mhuthwaite@vizpainter.com,False,5/6/2019,5/22/2019,Economy,148,DAL-ATL,534,Michelle Huthwaite
cjumper@vizpainter.com,False,10/27/2019,11/22/2019,Economy,153,DAL-ATL,133,Caroline Jumper
dordway,True,8/23/2019,10/1/2019,Economy,69,DAL-HOU,228,Denny Ordway
mcrier,False,8/28/2019,9/29/2019,Economy,86,DAL-LGA,484,Marc Crier
cdarley@vizpainter.com,False,3/12/2019,6/23/2019,Economy,74,DAL-AUS,131,Carol Darley
mfederle@vizpainter.com,True,4/11/2019,5/2/2019,First Class,243,DAL-SEA,549,Monica Federle
abixby@vizpainter.com,False,6/5/2019,7/21/2019,Economy,92,DAL-SFO,10,Aimee Bixby
sjordon@vizpainter.com,False,8/5/2019,9/14/2019,Economy,147,DAL-OKC,680,Sarah Jordon
cphan@vizpainter.com,True,11/17/2019,12/7/2019,Economy,129,DAL-SLC,155,Christine Phan
cabelman@vizpainter.com,False,10/29/2019,11/27/2019,Economy,97,DAL-OKC,153,Christine Abelman
emoren@vizpainter.com,False,4/27/2019,6/3/2019,Business,132,DAL-AUS,275,Eugene Moren
rcollins@vizpainter.com,True,3/6/2019,6/30/2019,Economy,139,DAL-PHX,654,Roy Collins
sperrino@vizpainter.com,False,8/28/2019,11/4/2019,Economy,79,DAL-AMA,707,Stefania Perrino
bdavis@vizpainter.com,False,12/8/2019,12/20/2019,Economy,81,DAL-CLE,118,Bryan Davis
x,True,11/21/2019,12/29/2019,Business,148,DAL-AUS,496,Mark Hamilton
gmatthias@vizpainter.com,False,10/31/2019,12/12/2019,Economy,91,DAL-HOU,311,Greg Matthias
gmaxwell@vizpainter.com,False,12/13/2019,12/28/2019,Economy,141,DAL-HOU,312,Greg Maxwell
dcampbell@vizpainter.com,False,1/30/2019,3/30/2019,Economy,96,DAL-AUS,189,Dan Campbell
pstevenson@vizpainter.com,False,10/11/2019,10/30/2019,Economy,115,DAL-OKC,597,Paul Stevenson
azypern@vizpainter.com,True,8/6/2019,9/18/2019,Economy,130,DAL-HOU,50,Annie Zypern
rd'ascenzo@vizpainter.com,False,10/27/2019,11/16/2019,Economy,133,DAL-AUS,661,Russell D'Ascenzo
pflathmann@vizpainter.com,False,2/7/2019,4/10/2019,Business,97,DAL-AUS,614,Phillip Flathmann
lolson@vizpainter.com,False,8/4/2019,9/9/2019,Economy,62,DAL-ATL,477,Lori Olson
jfarry@vizpainter.com,False,6/19/2019,7/3/2019,Business,156,DAL-TUL,365,Jeremy Farry
agannaway@vizpainter.com,False,8/17/2019,9/7/2019,Economy,73,DAL-ATL,20,Aleksandra Gannaway
cadams@vizpainter.com,False,9/11/2019,11/29/2019,Economy,150,DAL-GRR,130,Carol Adams
ahood@vizpainter.com,False,8/27/2019,9/5/2019,Economy,100,DAL-GRR,39,Angele Hood
rsperren@vizpainter.com,False,3/2/2019,3/11/2019,Economy,144,DAL-OKC,627,Ricardo Sperren
ghansen@vizpainter.com,False,6/24/2019,10/14/2019,Economy,157,DAL-HOU,310,Greg Hansen
gzrebassa@vizpainter.com,False,11/6/2019,11/29/2019,Economy,73,DAL-HOU,302,George Zrebassa
darnett@vizpainter.com,False,11/16/2019,12/11/2019,Economy,155,DAL-ELP,229,Dianna Arnett
aballentine@vizpainter.com,False,9/28/2019,11/23/2019,Economy,136,DAL-CLE,17,Alejandro Ballentine
ekiefer@vizpainter.com,False,1/9/2019,2/6/2019,First Class,258,DAL-ATL,252,Eileen Kiefer
bspruell@vizpainter.com,False,8/31/2019,9/11/2019,Economy,74,DAL-AUS,120,Bryan Spruell
agjertsen@vizpainter.com,False,4/16/2019,5/18/2019,Economy,110,DAL-MDW,33,Andrew Gjertsen
jpatt@vizpainter.com,False,8/1/2019,11/20/2019,Economy,121,DAL-MDW,363,Jennifer Patt
schapman@vizpainter.com,False,5/15/2019,6/13/2019,Economy,84,DAL-MDW,712,Steve Chapman
lelliston@vizpainter.com,False,6/9/2019,7/9/2019,First Class,210,DAL-HOU,453,Laurel Elliston
kwillman,False,8/30/2019,9/25/2019,Economy,106,DAL-GRR,428,Katrina Willman
smackendrick@vizpainter.com,True,6/26/2019,9/9/2019,Economy,96,DAL-MDW,726,Susan MacKendrick
shopkins@vizpainter.com,False,8/14/2019,9/6/2019,Economy,122,DAL-HOU,692,Shahid Hopkins
mbrown@vizpainter.com,False,12/9/2018,3/22/2019,Business,128,DAL-LGA,538,Mick Brown
lmackendrick@vizpainter.com,False,5/24/2019,8/12/2019,Economy,130,DAL-AUS,470,Liz MacKendrick
jairdo@vizpainter.com,True,8/26/2019,12/1/2019,Economy,62,DAL-ATL,397,Joseph Airdo
mcrier,False,7/11/2019,9/29/2019,Economy,85,DAL-OKC,484,Marc Crier
lmackendrick@vizpainter.com,False,11/15/2019,12/10/2019,Economy,142,DAL-GRR,470,Liz MacKendrick
mwebber@vizpainter.com,False,10/3/2019,11/4/2019,First Class,288,DAL-HOU,547,Mitch Webber
remerson@vizpainter.com,False,11/21/2019,12/25/2019,Economy,81,DAL-SFO,626,Ricardo Emerson
gweimer@vizpainter.com,True,10/2/2019,10/24/2019,Economy,96,DAL-LAS,306,Giulietta Weimer
fchung@vizpainter.com,False,1/28/2019,2/23/2019,Business,110,DAL-AUS,288,Fred Chung
asavely@vizpainter.com,False,2/21/2019,3/29/2019,Economy,82,DAL-OKC,19,Alejandro Savely
igibson@vizpainter.com,False,1/23/2019,3/5/2019,Economy,141,DAL-ELP,338,Ivan Gibson
erittenbach,False,10/17/2019,11/21/2019,First Class,263,DAL-ATL,256,Elpida Rittenbach
mlichtenstein@vizpainter.com,False,6/29/2019,7/17/2019,First Class,234,DAL-OKC,492,Marina Lichtenstein
so'donnell@vizpainter.com,False,10/14/2019,12/18/2019,First Class,215,DAL-ATL,688,Sean O'Donnell
kferguson@vizpainter.com,False,4/12/2019,5/27/2019,Economy,84,DAL-ELP,418,Karen Ferguson
sperrino@vizpainter.com,False,7/23/2019,11/4/2019,Economy,140,DAL-MDW,707,Stefania Perrino
x,False,12/10/2019,12/29/2019,Economy,148,DAL-PHX,496,Mark Hamilton
dpardue@vizpainter.com,False,1/6/2019,1/13/2019,Economy,150,DAL-HOU,225,Dennis Pardue
kseio@vizpainter.com,False,9/28/2019,11/5/2019,Economy,97,DAL-ATL,419,Karen Seio
mnguyen@vizpainter.com,False,8/31/2019,11/16/2019,Economy,126,DAL-TUL,528,Michael Nguyen
ghwang@vizpainter.com,True,11/23/2019,12/20/2019,Economy,79,DAL-PHX,294,Gary Hwang
dkane@vizpainter.com,True,9/17/2019,10/11/2019,Economy,150,DAL-HOU,224,Dennis Kane
ashami@vizpainter.com,False,11/11/2019,12/9/2019,Economy,84,DAL-HOU,9,Adrian Shami
iliston@vizpainter.com,False,10/21/2019,11/22/2019,Economy,82,DAL-GRR,339,Ivan Liston
azypern@vizpainter.com,False,7/8/2019,9/18/2019,Economy,96,DAL-LGA,50,Annie Zypern
mconnell@vizpainter.com,True,11/11/2019,12/25/2019,Economy,119,DAL-AUS,506,Matt Connell
csoltero@vizpainter.com,False,8/3/2019,12/5/2019,Economy,153,DAL-AUS,129,Carlos Soltero
pfox@vizpainter.com,False,6/29/2019,9/14/2019,Economy,149,DAL-HOU,610,Philip Fox
spistek@vizpainter.com,False,7/26/2019,8/27/2019,Economy,157,DAL-OKC,727,Susan Pistek
rfranzösisch@vizpainter.com,False,11/3/2019,11/20/2019,Economy,129,DAL-SLC,655,Roy Französisch
carntzen@vizpainter.com,False,9/25/2019,12/11/2019,Economy,66,DAL-HOU,184,Cynthia Arntzen
mskach@vizpainter.com,False,9/4/2019,11/11/2019,Economy,69,DAL-LAS,501,MaryBeth Skach
rwilson@vizpainter.com,False,9/12/2019,10/16/2019,Economy,156,DAL-AUS,635,Rick Wilson
ekiefer@vizpainter.com,False,7/18/2019,8/4/2019,Economy,138,DAL-LGA,252,Eileen Kiefer
aferguson@vizpainter.com,False,8/4/2019,9/8/2019,Economy,159,DAL-PHX,58,Art Ferguson
rwaldorf@vizpainter.com,False,10/26/2018,1/19/2019,Economy,61,DAL-AUS,645,Robert Waldorf
ebarchas@vizpainter.com,False,7/24/2019,10/7/2019,Economy,122,DAL-PHX,273,Eugene Barchas
jhirsh@vizpainter.com,False,2/11/2019,4/14/2019,Economy,118,DAL-MDW,411,Justin Hirsh
ccheatham@vizpainter.com,False,11/7/2019,12/28/2019,Economy,70,DAL-TUL,169,Clay Cheatham
plucas@vizpainter.com,False,10/5/2019,12/4/2019,Business,89,DAL-OKC,594,Paul Lucas
pvan@vizpainter.com,False,7/30/2019,10/28/2019,Business,118,DAL-MDW,598,Paul Van Hugh
cmagee@vizpainter.com,False,9/26/2019,10/12/2019,Business,88,DAL-AUS,162,Chuck Magee
gthornton@vizpainter.com,False,11/5/2019,11/22/2019,Economy,113,DAL-SFO,316,Guy Thornton
schapman@vizpainter.com,False,5/14/2019,6/13/2019,Business,142,DAL-HOU,712,Steve Chapman
lelliston@vizpainter.com,False,6/12/2019,7/9/2019,Economy,135,DAL-AUS,453,Laurel Elliston
lblacks@vizpainter.com,False,8/1/2019,11/1/2019,Economy,110,DAL-AMA,448,Larry Blacks
dbickford@vizpainter.com,False,1/1/2019,3/16/2019,Economy,85,DAL-PHX,240,Doug Bickford
mbrown@vizpainter.com,False,3/1/2019,3/22/2019,Economy,124,DAL-HOU,538,Mick Brown
rhansen,True,11/28/2019,12/11/2019,Economy,115,DAL-OKC,632,Rick Hansen
gkelly@vizpainter.com,False,8/10/2019,9/13/2019,Economy,96,DAL-ELP,307,Grace Kelly
kferguson@vizpainter.com,True,2/20/2019,4/12/2019,Economy,114,DAL-HOU,418,Karen Ferguson
dordway,False,7/13/2019,10/1/2019,Economy,124,DAL-AUS,228,Denny Ordway
mcrier,False,9/19/2019,9/29/2019,Economy,75,DAL-SLC,484,Marc Crier
grosenberg@vizpainter.com,False,9/9/2019,12/9/2019,Economy,64,DAL-HOU,303,Georgia Rosenberg
scompany@vizpainter.com,False,8/28/2019,9/30/2019,Economy,76,DAL-LAS,669,Sample Company A
mwebber@vizpainter.com,False,9/22/2019,11/4/2019,Economy,67,DAL-AMA,547,Mitch Webber
jsmith@vizpainter.com,False,2/28/2019,5/18/2019,Economy,86,DAL-AUS,401,Joy Smith
cabelman@vizpainter.com,False,9/18/2019,11/27/2019,Economy,126,DAL-SEA,153,Christine Abelman
emoren@vizpainter.com,False,4/24/2019,6/3/2019,Business,98,DAL-PHX,275,Eugene Moren
rschwarz@vizpainter.com,True,11/13/2019,11/28/2019,Economy,136,DAL-PHX,650,Roland Schwarz
sperrino@vizpainter.com,False,9/20/2019,11/4/2019,Economy,127,DAL-LAS,707,Stefania Perrino
scraven@vizpainter.com,False,2/11/2019,3/12/2019,Economy,101,DAL-HOU,667,Sam Craven
x,True,8/29/2019,12/29/2019,Economy,115,DAL-ELP,496,Mark Hamilton
bfisher@vizpainter.com,False,11/14/2019,12/2/2019,Economy,66,DAL-HOU,65,Barbara Fisher
po'brill@vizpainter.com,False,4/15/2019,5/12/2019,Economy,79,DAL-SFO,589,Patrick O'Brill
bbowman@vizpainter.com,True,8/9/2019,9/30/2019,Economy,70,DAL-GRR,103,Brenda Bowman
dkane@vizpainter.com,False,8/24/2019,10/11/2019,First Class,220,DAL-ELP,224,Dennis Kane
kheidel@vizpainter.com,False,10/19/2019,12/9/2019,Business,146,DAL-OKC,441,Ken Heidel
hgreene@vizpainter.com,False,7/9/2019,9/5/2019,Business,102,DAL-AUS,322,Harry Greene
sroach@vizpainter.com,False,10/28/2019,12/15/2019,Economy,90,DAL-PHX,694,Sharelle Roach
jsundaresam@vizpainter.com,False,7/15/2019,8/12/2019,Economy,155,DAL-ATL,395,Joni Sundaresam
ajones@vizpainter.com,False,5/8/2019,5/21/2019,Business,112,DAL-ATL,64,Astrea Jones
carntzen@vizpainter.com,False,10/25/2019,12/11/2019,Economy,66,DAL-LGA,184,Cynthia Arntzen
ahwang@vizpainter.com,False,11/2/2019,12/28/2019,Economy,68,DAL-OKC,14,Alan Hwang
kheidel@vizpainter.com,False,2/3/2019,2/20/2019,Economy,153,DAL-AUS,441,Ken Heidel
jgalang@vizpainter.com,False,7/24/2019,9/23/2019,Economy,115,DAL-HOU,343,James Galang
ablume@vizpainter.com,False,9/29/2019,10/19/2019,Economy,62,DAL-ATL,40,Ann Blume
aferguson@vizpainter.com,False,6/24/2019,9/8/2019,Economy,92,DAL-ATL,58,Art Ferguson
ebecker@vizpainter.com,False,3/6/2019,5/29/2019,Economy,131,DAL-AUS,249,Edward Becker
jelijah@vizpainter.com,False,9/17/2019,10/27/2019,Economy,132,DAL-ELP,380,Joe Elijah
fcarlisle@vizpainter.com,True,4/24/2019,6/26/2019,Economy,153,DAL-LAS,282,Frank Carlisle
dvan@vizpainter.com,False,10/17/2019,11/20/2019,Economy,74,DAL-OKC,202,Darrin Van Huff
lthompson@vizpainter.com,False,5/31/2019,6/29/2019,Economy,71,DAL-HOU,473,Liz Thompson
pvan@vizpainter.com,False,9/12/2019,10/28/2019,Economy,64,DAL-MDW,598,Paul Van Hugh
jlonsdale@vizpainter.com,True,9/20/2019,10/11/2019,Economy,65,DAL-HOU,366,Jeremy Lonsdale
sknutson@vizpainter.com,False,5/8/2019,5/22/2019,First Class,299,DAL-MDW,665,Sally Knutson
lelliston@vizpainter.com,False,5/5/2019,7/9/2019,Economy,74,DAL-OKC,453,Laurel Elliston
awitt@vizpainter.com,False,10/29/2019,12/13/2019,Economy,121,DAL-SLC,56,Anthony Witt
pcoakley,False,7/11/2019,8/26/2019,Economy,73,DAL-OKC,582,Pamela Coakley
x,False,10/31/2019,12/11/2019,Economy,111,DAL-OKC,191,Dan Reichenbach
lfoster@vizpainter.com,False,10/13/2019,11/25/2019,First Class,218,DAL-HOU,478,Luke Foster
mhuthwaite@vizpainter.com,True,3/7/2019,5/22/2019,First Class,222,DAL-ELP,534,Michelle Huthwaite
cjumper@vizpainter.com,True,10/19/2019,11/22/2019,First Class,211,DAL-PHX,133,Caroline Jumper
dordway,False,8/3/2019,10/1/2019,Economy,111,DAL-LGA,228,Denny Ordway
mcrier,False,9/17/2019,9/29/2019,Economy,147,DAL-LAS,484,Marc Crier
cdarley@vizpainter.com,False,5/30/2019,6/23/2019,Economy,86,DAL-ELP,131,Carol Darley
belias@vizpainter.com,False,1/9/2019,2/24/2019,First Class,301,DAL-ELP,94,Bobby Elias
sjordon@vizpainter.com,True,6/26/2019,9/14/2019,Economy,86,DAL-MDW,680,Sarah Jordon
bdrucker@vizpainter.com,False,2/6/2019,3/16/2019,Economy,116,DAL-MDW,100,Bradley Drucker
dbickford@vizpainter.com,False,8/15/2019,9/25/2019,Economy,137,DAL-HOU,240,Doug Bickford
emoren@vizpainter.com,True,4/3/2019,6/3/2019,Economy,71,DAL-HOU,275,Eugene Moren
bdavis@vizpainter.com,False,12/4/2019,12/20/2019,Economy,148,DAL-MDW,118,Bryan Davis
ro'brian@vizpainter.com,False,7/25/2019,8/23/2019,Economy,91,DAL-HOU,651,Rose O'Brian
ltron@vizpainter.com,False,11/12/2019,12/27/2019,Economy,72,DAL-MDW,450,Larry Tron
afoster@vizpainter.com,False,8/5/2019,9/4/2019,Economy,81,DAL-PHX,59,Art Foster
gmaxwell@vizpainter.com,False,11/29/2019,12/28/2019,Economy,85,DAL-LAS,312,Greg Maxwell
ghwang@vizpainter.com,False,11/14/2019,12/20/2019,Economy,79,DAL-OKC,294,Gary Hwang
ahunt@vizpainter.com,False,9/22/2019,11/6/2019,Economy,133,DAL-HOU,31,Amy Hunt
dkane@vizpainter.com,False,7/31/2019,10/11/2019,First Class,286,DAL-SLC,224,Dennis Kane
ashami@vizpainter.com,False,11/16/2019,12/9/2019,Economy,76,DAL-HOU,9,Adrian Shami
azypern@vizpainter.com,False,7/16/2019,9/18/2019,Economy,120,DAL-OKC,50,Annie Zypern
mconnell@vizpainter.com,False,11/9/2019,12/25/2019,Economy,159,DAL-GRR,506,Matt Connell
csoltero@vizpainter.com,False,10/29/2019,12/5/2019,Economy,153,DAL-HOU,129,Carlos Soltero
jfarry@vizpainter.com,True,4/26/2019,7/3/2019,Business,166,DAL-LGA,365,Jeremy Farry
spistek@vizpainter.com,False,7/29/2019,8/27/2019,Economy,94,DAL-OKC,727,Susan Pistek
rfranzösisch@vizpainter.com,False,10/20/2019,11/20/2019,Economy,129,DAL-ATL,655,Roy Französisch
cadams@vizpainter.com,True,11/16/2019,11/29/2019,Economy,60,DAL-GRR,130,Carol Adams
carntzen@vizpainter.com,False,11/24/2019,12/11/2019,First Class,284,DAL-AUS,184,Cynthia Arntzen
mskach@vizpainter.com,False,10/5/2019,11/11/2019,Economy,65,DAL-AUS,501,MaryBeth Skach
rsperren@vizpainter.com,False,2/10/2019,3/11/2019,Economy,63,DAL-AUS,627,Ricardo Sperren
svan@vizpainter.com,False,11/21/2019,12/30/2019,Economy,68,DAL-HOU,720,Stuart Van
aballentine@vizpainter.com,False,10/7/2019,11/23/2019,Business,167,DAL-AUS,17,Alejandro Ballentine
jhirsh@vizpainter.com,False,3/29/2019,4/14/2019,Economy,111,DAL-GRR,411,Justin Hirsh
ccheatham@vizpainter.com,False,11/28/2019,12/28/2019,Business,131,DAL-LAS,169,Clay Cheatham
mconnell@vizpainter.com,True,8/25/2019,9/10/2019,Economy,65,DAL-LGA,506,Matt Connell
ekiefer@vizpainter.com,False,1/11/2019,2/6/2019,Economy,130,DAL-ATL,252,Eileen Kiefer
bspruell@vizpainter.com,False,8/6/2019,9/11/2019,Economy,116,DAL-SEA,120,Bryan Spruell
agjertsen@vizpainter.com,False,5/8/2019,5/18/2019,Economy,130,DAL-PHX,33,Andrew Gjertsen
cmagee@vizpainter.com,False,7/27/2019,10/12/2019,Economy,88,DAL-MDW,162,Chuck Magee
x,False,11/17/2019,12/14/2019,Economy,124,DAL-AUS,34,Andrew Roberts
schapman@vizpainter.com,False,4/25/2019,6/13/2019,Economy,117,DAL-TUL,712,Steve Chapman
lelliston@vizpainter.com,True,5/12/2019,7/9/2019,Economy,80,DAL-AUS,453,Laurel Elliston
rreed@vizpainter.com,False,7/2/2019,10/18/2019,Economy,83,DAL-SEA,634,Rick Reed
dlloyd@vizpainter.com,True,10/10/2019,10/26/2019,Economy,131,DAL-SLC,232,Dionis Lloyd
shopkins@vizpainter.com,False,7/31/2019,9/6/2019,Economy,63,DAL-LGA,692,Shahid Hopkins
mbrown@vizpainter.com,False,2/6/2019,3/22/2019,Economy,64,DAL-PHX,538,Mick Brown
rhansen,False,11/25/2019,12/11/2019,Economy,141,DAL-LAS,632,Rick Hansen
gkelly@vizpainter.com,False,8/20/2019,9/13/2019,Economy,127,DAL-AUS,307,Grace Kelly
dordway,True,8/9/2019,10/1/2019,Economy,128,DAL-GRR,228,Denny Ordway
mcrier,False,9/6/2019,9/29/2019,Economy,98,DAL-AUS,484,Marc Crier
jkarlsson@vizpainter.com,False,7/13/2019,8/21/2019,Economy,72,DAL-SLC,374,Jim Karlsson
pjones@vizpainter.com,False,7/19/2019,10/26/2019,Economy,90,DAL-ATL,588,Patrick Jones
mwebber@vizpainter.com,False,9/17/2019,11/4/2019,Economy,144,DAL-ATL,547,Mitch Webber
gweimer@vizpainter.com,False,8/20/2019,10/24/2019,Economy,125,DAL-HOU,306,Giulietta Weimer
jsmith@vizpainter.com,True,4/24/2019,5/18/2019,Economy,91,DAL-CLE,401,Joy Smith
cabelman@vizpainter.com,False,9/20/2019,11/27/2019,Economy,110,DAL-PHX,153,Christine Abelman
mlichtenstein@vizpainter.com,False,5/7/2019,7/17/2019,Economy,83,DAL-PHX,492,Marina Lichtenstein
lsouthworth@vizpainter.com,True,5/3/2019,6/14/2019,Economy,102,DAL-HOU,462,Linda Southworth
rmarley@vizpainter.com,False,9/5/2019,11/25/2019,Business,147,DAL-OKC,644,Robert Marley
rschwarz@vizpainter.com,True,9/19/2019,11/28/2019,Economy,102,DAL-AUS,650,Roland Schwarz
sperrino@vizpainter.com,False,8/13/2019,11/4/2019,Economy,73,DAL-LGA,707,Stefania Perrino
scraven@vizpainter.com,False,2/14/2019,3/12/2019,Business,85,DAL-SEA,667,Sam Craven
x,False,10/20/2019,12/29/2019,Economy,142,DAL-AUS,496,Mark Hamilton
bfisher@vizpainter.com,False,11/21/2019,12/2/2019,Economy,93,DAL-OKC,65,Barbara Fisher
sflanagan@vizpainter.com,False,11/1/2019,12/5/2019,Economy,94,DAL-PHX,670,Sandra Flanagan
bbowman@vizpainter.com,True,9/11/2019,9/30/2019,Economy,67,DAL-HOU,103,Brenda Bowman
dkane@vizpainter.com,False,9/14/2019,10/11/2019,First Class,296,DAL-MDW,224,Dennis Kane
kheidel@vizpainter.com,False,11/10/2019,12/9/2019,Economy,153,DAL-MDW,441,Ken Heidel
egrady@vizpainter.com,False,9/24/2019,11/9/2019,Business,89,DAL-PHX,259,Emily Grady
hgreene@vizpainter.com,False,6/23/2019,9/5/2019,Economy,88,DAL-ELP,322,Harry Greene
sroach@vizpainter.com,False,11/1/2019,12/15/2019,Economy,135,DAL-LGA,694,Sharelle Roach
ehildebrand@vizpainter.com,False,10/4/2019,11/25/2019,Economy,153,DAL-HOU,274,Eugene Hildebrand
lolson@vizpainter.com,False,8/20/2019,9/9/2019,Business,147,DAL-AUS,477,Lori Olson
xx,False,6/18/2019,7/3/2019,Economy,109,DAL-AUS,272,Eudokia Martin
ehenry@vizpainter.com,False,11/1/2019,11/30/2019,Economy,67,DAL-MDW,278,Evan Henry
ajones@vizpainter.com,False,4/18/2019,5/21/2019,Economy,85,DAL-ATL,64,Astrea Jones
otoch@vizpainter.com,True,11/19/2019,12/2/2019,Business,103,DAL-PHX,581,Olvera Toch
ghansen@vizpainter.com,False,8/5/2019,10/14/2019,Economy,93,DAL-HOU,310,Greg Hansen
scooley@vizpainter.com,False,10/28/2019,11/27/2019,Economy,138,DAL-MDW,704,Sonia Cooley
scraven@vizpainter.com,False,11/6/2019,12/9/2019,Economy,131,DAL-LGA,667,Sam Craven
tsissman@vizpainter.com,True,2/18/2019,5/23/2019,Economy,132,DAL-HOU,738,Thais Sissman
fcarlisle@vizpainter.com,False,2/17/2019,6/26/2019,Economy,157,DAL-OKC,282,Frank Carlisle
dkaydos@vizpainter.com,True,9/23/2019,11/23/2019,Economy,75,DAL-ELP,192,Dana Kaydos
pvan@vizpainter.com,False,9/26/2019,10/28/2019,Business,117,DAL-HOU,598,Paul Van Hugh
sknutson@vizpainter.com,True,5/4/2019,5/22/2019,Economy,112,DAL-HOU,665,Sally Knutson
tstivers@vizpainter.com,False,9/18/2019,11/16/2019,Economy,87,DAL-ELP,761,Tom Stivers
tpippenger@vizpainter.com,False,9/25/2019,10/16/2019,Economy,113,DAL-OKC,741,Theone Pippenger
awitt@vizpainter.com,True,10/16/2019,12/13/2019,Business,88,DAL-ATL,56,Anthony Witt
pcoakley,False,7/22/2019,8/26/2019,Economy,93,DAL-GRR,582,Pamela Coakley
mhuthwaite@vizpainter.com,False,5/1/2019,5/22/2019,Economy,150,DAL-MDW,534,Michelle Huthwaite
cjumper@vizpainter.com,False,9/17/2019,11/22/2019,Economy,147,DAL-ELP,133,Caroline Jumper
dordway,False,8/10/2019,10/1/2019,Business,126,DAL-MDW,228,Denny Ordway
jairdo@vizpainter.com,True,11/10/2019,12/1/2019,Business,152,DAL-AUS,397,Joseph Airdo
bgonzalez@vizpainter.com,True,7/21/2019,10/22/2019,Economy,87,DAL-SLC,69,Barry Gonzalez
mwebber@vizpainter.com,False,8/25/2019,11/4/2019,Economy,99,DAL-MDW,547,Mitch Webber
sjordon@vizpainter.com,False,8/10/2019,9/14/2019,Economy,70,DAL-AUS,680,Sarah Jordon
igibson@vizpainter.com,False,2/20/2019,3/5/2019,Economy,91,DAL-HOU,338,Ivan Gibson
rmurray@vizpainter.com,False,11/18/2018,2/8/2019,Business,134,DAL-AUS,649,Roland Murray
nbrennan@vizpainter.com,False,10/30/2019,11/27/2019,First Class,274,DAL-ATL,571,Nicole Brennan
mjones@vizpainter.com,False,9/17/2019,10/10/2019,Economy,73,DAL-HOU,515,Max Jones
kferguson@vizpainter.com,False,2/24/2019,5/27/2019,Economy,122,DAL-HOU,418,Karen Ferguson
ashonely@vizpainter.com,False,11/18/2019,12/6/2019,Economy,152,DAL-LAS,16,Alan Shonely
afoster@vizpainter.com,False,6/15/2019,9/4/2019,Economy,119,DAL-HOU,59,Art Foster
kbavinger@vizpainter.com,True,2/7/2019,3/14/2019,First Class,309,DAL-HOU,426,Katrina Bavinger
mgockenbach@vizpainter.com,False,8/31/2019,9/13/2019,First Class,224,DAL-AUS,542,Mike Gockenbach
pstevenson@vizpainter.com,True,9/27/2019,10/30/2019,Economy,109,DAL-SLC,597,Paul Stevenson
knockton@vizpainter.com,False,5/9/2019,6/15/2019,Economy,83,DAL-ATL,425,Katherine Nockton
azypern@vizpainter.com,True,8/17/2019,9/18/2019,Economy,120,DAL-HOU,50,Annie Zypern
rd'ascenzo@vizpainter.com,False,10/28/2019,11/16/2019,Economy,117,DAL-LGA,661,Russell D'Ascenzo
mbertelson@vizpainter.com,False,6/19/2019,9/11/2019,Business,178,DAL-MDW,486,Maria Bertelson
pflathmann@vizpainter.com,False,3/12/2019,4/10/2019,Economy,137,DAL-LGA,614,Phillip Flathmann
lolson@vizpainter.com,False,8/26/2019,9/9/2019,Economy,122,DAL-HOU,477,Lori Olson
jfarry@vizpainter.com,False,6/12/2019,7/3/2019,Economy,107,DAL-LGA,365,Jeremy Farry
ahaines@vizpainter.com,False,10/10/2019,12/21/2019,Economy,152,DAL-CLE,13,Alan Haines
creiter@vizpainter.com,False,3/22/2019,5/7/2019,Economy,130,DAL-MDW,181,Craig Reiter
ehackney@vizpainter.com,False,2/21/2019,3/22/2019,Economy,83,DAL-ATL,265,Erica Hackney
jeaton@vizpainter.com,False,4/13/2019,6/2/2019,Economy,133,DAL-ELP,382,Joel Eaton
ghansen@vizpainter.com,False,9/19/2019,10/14/2019,Economy,135,DAL-ELP,310,Greg Hansen
darnett@vizpainter.com,False,11/20/2019,12/11/2019,Economy,144,DAL-AUS,229,Dianna Arnett
npelletier@vizpainter.com,False,11/5/2019,12/20/2019,Economy,88,DAL-OKC,578,Nora Pelletier
cmeador@vizpainter.com,False,10/19/2019,11/24/2019,Economy,148,DAL-AUS,128,Carlos Meador
jsink@vizpainter.com,False,5/9/2019,5/18/2019,Economy,152,DAL-MDW,378,Jim Sink
pwebber@vizpainter.com,False,11/29/2019,12/21/2019,First Class,252,DAL-OKC,601,Pauline Webber
po'donnell@vizpainter.com,False,9/16/2019,10/8/2019,Economy,104,DAL-HOU,590,Patrick O'Donnell
ekiefer@vizpainter.com,False,12/10/2018,2/6/2019,Economy,93,DAL-LAS,252,Eileen Kiefer
bspruell@vizpainter.com,False,7/24/2019,9/11/2019,Economy,69,DAL-AMA,120,Bryan Spruell
tmanning@vizpainter.com,False,11/19/2018,1/15/2019,Economy,117,DAL-LGA,733,Tamara Manning
schapman@vizpainter.com,False,4/26/2019,6/13/2019,Economy,151,DAL-ELP,712,Steve Chapman
tpippenger@vizpainter.com,False,8/29/2019,10/16/2019,First Class,225,DAL-AUS,741,Theone Pippenger
dpercer@vizpainter.com,False,10/26/2019,11/8/2019,Economy,105,DAL-HOU,215,Dean percer
pcoakley,True,6/20/2019,8/26/2019,First Class,222,DAL-PHX,582,Pamela Coakley
mbrown@vizpainter.com,True,2/24/2019,3/22/2019,Economy,113,DAL-LGA,538,Mick Brown
mhuthwaite@vizpainter.com,False,4/16/2019,5/22/2019,Business,139,DAL-ATL,534,Michelle Huthwaite
rausman@vizpainter.com,False,2/22/2019,3/20/2019,Economy,80,DAL-CLE,658,Ruben Ausman
jairdo@vizpainter.com,False,9/16/2019,12/1/2019,Economy,77,DAL-AMA,397,Joseph Airdo
mcrier,False,9/11/2019,9/29/2019,Economy,91,DAL-AUS,484,Marc Crier
mcrebagga@vizpainter.com,False,6/3/2019,6/13/2019,Business,130,DAL-MDW,539,Mick Crebagga
lmackendrick@vizpainter.com,True,11/17/2019,12/10/2019,Economy,155,DAL-HOU,470,Liz MacKendrick
mwebber@vizpainter.com,False,10/24/2019,11/4/2019,Economy,95,DAL-ELP,547,Mitch Webber
jgalang@vizpainter.com,False,11/7/2019,11/14/2019,Economy,139,DAL-OKC,343,James Galang
remerson@vizpainter.com,False,10/12/2019,12/25/2019,Economy,64,DAL-HOU,626,Ricardo Emerson
fchung@vizpainter.com,False,1/30/2019,2/23/2019,Economy,138,DAL-MDW,288,Fred Chung
igibson@vizpainter.com,True,1/2/2019,3/5/2019,Economy,129,DAL-MDW,338,Ivan Gibson
eashbrook@vizpainter.com,False,11/7/2019,11/24/2019,Economy,66,DAL-LAS,268,Erin Ashbrook
mjones@vizpainter.com,False,7/26/2019,10/10/2019,Economy,111,DAL-HOU,515,Max Jones
jkamberova@vizpainter.com,True,9/23/2019,10/4/2019,Economy,121,DAL-MDW,381,Joe Kamberova
kferguson@vizpainter.com,True,3/28/2019,5/27/2019,Economy,68,DAL-GRR,418,Karen Ferguson
aallen@vizpainter.com,True,3/4/2019,3/15/2019,Business,151,DAL-HOU,32,Andrew Allen
mfritzler@vizpainter.com,False,9/15/2019,10/23/2019,Economy,106,DAL-SLC,510,Maureen Fritzler
