﻿Passenger Email,Travel Insurance?,Purchase Date,Travel Date,Fare Type,Ticket Price,Route,Row_ID,Person
nlomonaco@vizpainter.com,False,8/28/2016,9/10/2016,Economy,60,DAL-MDW,553,Nancy Lomonaco
npatel@vizpainter.com,False,5/5/2016,6/11/2016,Economy,150,DAL-SLC,554,Naresj Patel
npatel@vizpainter.com,True,8/21/2016,9/21/2016,Economy,68,DAL-AMA,554,Naresj Patel
ngilpin@vizpainter.com,False,4/21/2016,6/28/2016,Business,160,DAL-SLC,556,Nat Gilpin
ndecherney@vizpainter.com,False,6/14/2016,6/25/2016,Economy,65,DAL-OKC,557,Natalie DeCherney
ndecherney@vizpainter.com,False,9/14/2016,12/2/2016,Economy,126,DAL-MDW,557,Natalie DeCherney
ndecherney@vizpainter.com,False,5/29/2016,6/25/2016,Business,121,DAL-HOU,557,Natalie DeCherney
ndecherney@vizpainter.com,True,6/3/2016,6/25/2016,Economy,83,DAL-GRR,557,Natalie DeCherney
ndecherney@vizpainter.com,True,5/30/2016,6/25/2016,Economy,141,DAL-TUL,557,Natalie DeCherney
ndecherney@vizpainter.com,False,5/23/2016,6/25/2016,Economy,66,DAL-AMA,557,Natalie DeCherney
ndecherney@vizpainter.com,False,11/10/2016,12/2/2016,Economy,122,DAL-AUS,557,Natalie DeCherney
ndecherney@vizpainter.com,False,6/14/2016,6/25/2016,Business,146,DAL-LGA,557,Natalie DeCherney
ndecherney@vizpainter.com,False,9/13/2016,12/2/2016,Economy,152,DAL-PHX,557,Natalie DeCherney
nwebber@vizpainter.com,False,9/21/2016,11/8/2016,Economy,63,DAL-GRR,559,Natalie Webber
nwebber@vizpainter.com,False,8/22/2016,11/8/2016,Economy,158,DAL-ELP,559,Natalie Webber
ngelder@vizpainter.com,False,4/23/2016,5/21/2016,Economy,71,DAL-HOU,561,Nathan Gelder
nducich@vizpainter.com,True,9/12/2016,11/22/2016,Economy,92,DAL-AMA,563,Neil Ducich
nknudson@vizpainter.com,False,11/17/2016,11/28/2016,Economy,61,DAL-AMA,565,Neil Knudson
ncrebassa@vizpainter.com,False,3/9/2016,5/9/2016,First Class,265,DAL-ATL,568,Nick Crebassa
ncrebassa@vizpainter.com,False,3/14/2016,5/9/2016,Economy,60,DAL-AUS,568,Nick Crebassa
ncrebassa@vizpainter.com,True,3/28/2016,5/9/2016,Economy,95,DAL-AUS,568,Nick Crebassa
nfjeld@vizpainter.com,False,3/15/2016,5/16/2016,Economy,115,DAL-PHX,572,Nicole Fjeld
nfjeld@vizpainter.com,False,4/19/2016,5/16/2016,Economy,110,DAL-OKC,572,Nicole Fjeld
nfjeld@vizpainter.com,False,3/31/2016,5/16/2016,Business,109,DAL-LGA,572,Nicole Fjeld
nstaavos@vizpainter.com,False,2/6/2016,4/10/2016,Economy,157,DAL-OKC,575,Noel Staavos
nbalk@vizpainter.com,True,3/18/2016,4/9/2016,Economy,55,DAL-SEA,576,Nona Balk
npaige@vizpainter.com,True,10/27/2016,11/18/2016,Economy,154,DAL-MDW,577,Nora Paige
npreis@vizpainter.com,False,4/7/2016,5/8/2016,Economy,66,DAL-HOU,579,Nora Preis
pstobb@vizpainter.com,False,1/28/2016,3/26/2016,Economy,74,DAL-MDW,583,Pamela Stobb
pstobb@vizpainter.com,False,12/11/2015,3/26/2016,Economy,142,DAL-PHX,583,Pamela Stobb
pstobb@vizpainter.com,False,9/26/2016,10/25/2016,Business,90,DAL-MDW,583,Pamela Stobb
phirasaki@vizpainter.com,False,10/30/2015,1/8/2016,Economy,155,DAL-HOU,585,Patricia Hirasaki
phirasaki@vizpainter.com,False,12/4/2015,1/8/2016,Economy,135,DAL-MDW,585,Patricia Hirasaki
phirasaki@vizpainter.com,False,12/24/2015,1/8/2016,First Class,196,DAL-SEA,585,Patricia Hirasaki
po'brill@vizpainter.com,False,10/17/2016,12/21/2016,Economy,138,DAL-SLC,589,Patrick O'Brill
po'brill@vizpainter.com,False,11/27/2016,12/21/2016,Economy,138,DAL-HOU,589,Patrick O'Brill
po'brill@vizpainter.com,False,12/11/2016,12/21/2016,Business,168,DAL-SLC,589,Patrick O'Brill
po'brill@vizpainter.com,False,11/29/2016,12/21/2016,Economy,93,DAL-MDW,589,Patrick O'Brill
pgonzalez@vizpainter.com,True,10/25/2016,11/20/2016,Economy,104,DAL-AUS,592,Paul Gonzalez
pgonzalez@vizpainter.com,False,10/9/2016,11/20/2016,Economy,169,DAL-SLC,592,Paul Gonzalez
ttrevino@vizpainter.com,True,9/3/2016,11/19/2016,Business,111,DAL-AUS,737,Ted Trevino
ttrevino@vizpainter.com,False,10/17/2016,11/19/2016,Economy,139,DAL-GRR,737,Ted Trevino
ttrevino@vizpainter.com,True,9/22/2016,10/3/2016,Economy,106,DAL-OKC,737,Ted Trevino
ttrevino@vizpainter.com,False,10/12/2016,11/19/2016,Business,176,DAL-LGA,737,Ted Trevino
thendricks@vizpainter.com,False,10/15/2016,10/31/2016,Economy,109,DAL-ELP,739,Thea Hendricks
thendricks@vizpainter.com,True,9/24/2016,10/31/2016,Economy,113,DAL-CLE,739,Thea Hendricks
thendricks@vizpainter.com,False,9/18/2016,10/31/2016,Economy,132,DAL-HOU,739,Thea Hendricks
thendricks@vizpainter.com,False,9/27/2016,10/31/2016,Economy,151,DAL-CLE,739,Thea Hendricks
thendricks@vizpainter.com,True,9/14/2016,10/31/2016,Economy,139,DAL-MDW,739,Thea Hendricks
thudgings@vizpainter.com,False,11/23/2016,12/25/2016,Economy,110,DAL-GRR,740,Thea Hudgings
thudgings@vizpainter.com,False,12/6/2016,12/25/2016,Economy,114,DAL-LAS,740,Thea Hudgings
thudgings@vizpainter.com,False,11/24/2016,12/25/2016,Economy,159,DAL-AUS,740,Thea Hudgings
tpippenger@vizpainter.com,False,7/16/2016,8/20/2016,Economy,95,DAL-SLC,741,Theone Pippenger
tswint@vizpainter.com,False,8/22/2016,9/13/2016,First Class,248,DAL-ELP,743,Theresa Swint
tswint@vizpainter.com,False,8/4/2016,9/13/2016,Economy,91,DAL-TUL,743,Theresa Swint
thouse@vizpainter.com,True,7/7/2016,11/14/2016,Economy,145,DAL-LAS,748,Tiffany House
thouse@vizpainter.com,False,10/5/2016,11/14/2016,Economy,120,DAL-PHX,748,Tiffany House
thouse@vizpainter.com,True,10/18/2016,11/14/2016,Economy,122,DAL-ATL,748,Tiffany House
ttaslimi@vizpainter.com,False,7/13/2016,8/9/2016,Economy,153,DAL-PHX,750,Tim Taslimi
ttaslimi@vizpainter.com,True,7/26/2016,8/9/2016,Business,112,DAL-AUS,750,Tim Taslimi
ttaslimi@vizpainter.com,False,5/31/2016,8/9/2016,Economy,150,DAL-HOU,750,Tim Taslimi
ttaslimi@vizpainter.com,False,4/9/2016,8/9/2016,First Class,248,DAL-ATL,750,Tim Taslimi
ttaslimi@vizpainter.com,False,5/20/2016,8/9/2016,Business,118,DAL-MDW,750,Tim Taslimi
ttaslimi@vizpainter.com,False,7/17/2016,8/9/2016,Economy,80,DAL-GRR,750,Tim Taslimi
tbraunhardt@vizpainter.com,False,7/3/2016,7/27/2016,Economy,88,DAL-CLE,751,Toby Braunhardt
tbraunhardt@vizpainter.com,False,7/16/2016,7/27/2016,Economy,125,DAL-AUS,751,Toby Braunhardt
tcarlisle@vizpainter.com,False,10/10/2016,11/26/2016,Economy,102,DAL-OKC,752,Toby Carlisle
tprescott@vizpainter.com,False,7/2/2016,7/19/2016,First Class,225,DAL-ELP,760,Tom Prescott
tprescott@vizpainter.com,False,5/25/2016,7/19/2016,Business,152,DAL-LGA,760,Tom Prescott
tturnell@vizpainter.com,False,9/28/2016,10/10/2016,Business,107,DAL-LGA,762,Tonja Turnell
tchapman@vizpainter.com,False,10/22/2016,11/22/2016,Economy,103,DAL-ATL,763,Tony Chapman
tchapman@vizpainter.com,False,10/6/2016,11/22/2016,Economy,126,DAL-MDW,763,Tony Chapman
tchapman@vizpainter.com,False,11/4/2016,11/22/2016,Economy,136,DAL-OKC,763,Tony Chapman
tblumstein@vizpainter.com,False,8/13/2016,9/1/2016,Economy,107,DAL-HOU,766,Tracy Blumstein
tblumstein@vizpainter.com,False,5/7/2016,9/1/2016,Business,135,DAL-ATL,766,Tracy Blumstein
tblumstein@vizpainter.com,False,7/20/2016,9/1/2016,Economy,154,DAL-PHX,766,Tracy Blumstein
plucas@vizpainter.com,True,12/2/2016,12/15/2016,Economy,130,DAL-CLE,594,Paul Lucas
pmacintyre@vizpainter.com,False,11/10/2016,11/27/2016,Economy,97,DAL-GRR,595,Paul MacIntyre
pmacintyre@vizpainter.com,False,11/22/2016,11/27/2016,Economy,133,DAL-HOU,595,Paul MacIntyre
pmacintyre@vizpainter.com,True,8/18/2016,11/27/2016,Economy,134,DAL-AMA,595,Paul MacIntyre
pmacintyre@vizpainter.com,False,11/14/2016,11/27/2016,Economy,103,DAL-AMA,595,Paul MacIntyre
pprost@vizpainter.com,True,8/24/2016,11/7/2016,Economy,129,DAL-PHX,596,Paul Prost
pprost@vizpainter.com,False,9/21/2016,10/4/2016,Economy,155,DAL-AUS,596,Paul Prost
pprost@vizpainter.com,False,10/3/2016,11/7/2016,Economy,128,DAL-ATL,596,Paul Prost
pstevenson@vizpainter.com,False,8/23/2016,9/2/2016,Economy,99,DAL-SLC,597,Paul Stevenson
pstevenson@vizpainter.com,True,8/18/2016,9/2/2016,Economy,102,DAL-HOU,597,Paul Stevenson
pstevenson@vizpainter.com,False,7/30/2016,9/2/2016,Economy,71,DAL-AMA,597,Paul Stevenson
pvan@vizpainter.com,True,8/21/2016,11/24/2016,Business,115,DAL-AUS,598,Paul Van Hugh
pvan@vizpainter.com,False,10/19/2016,11/24/2016,Economy,133,DAL-LAS,598,Paul Van Hugh
pjohnson@vizpainter.com,False,11/14/2016,11/29/2016,Economy,116,DAL-LGA,600,Pauline Johnson
parmstrong@vizpainter.com,False,7/14/2016,8/24/2016,Economy,146,DAL-HOU,603,Pete Armstrong
pbühler@vizpainter.com,False,10/4/2016,12/12/2016,Economy,120,DAL-MDW,606,Peter Bühler
pfuller@vizpainter.com,False,6/20/2016,8/27/2016,Economy,139,DAL-AUS,607,Peter Fuller
pfuller@vizpainter.com,False,7/27/2016,8/27/2016,Economy,107,DAL-ELP,607,Peter Fuller
pfuller@vizpainter.com,True,5/12/2016,8/27/2016,Business,178,DAL-AMA,607,Peter Fuller
pfuller@vizpainter.com,True,7/12/2016,8/27/2016,Economy,63,DAL-AMA,607,Peter Fuller
povercash@vizpainter.com,False,10/1/2016,11/6/2016,Economy,156,DAL-OKC,611,Philisse Overcash
povercash@vizpainter.com,False,10/20/2016,11/6/2016,Business,127,DAL-SEA,611,Philisse Overcash
pbreyer@vizpainter.com,False,10/19/2016,11/16/2016,Economy,145,DAL-OKC,613,Phillip Breyer
pbreyer@vizpainter.com,False,8/28/2016,11/16/2016,Economy,75,DAL-OKC,613,Phillip Breyer
pbreyer@vizpainter.com,False,10/12/2016,11/16/2016,Business,149,DAL-PHX,613,Phillip Breyer
pbreyer@vizpainter.com,False,11/2/2016,11/16/2016,Business,157,DAL-AUS,613,Phillip Breyer
pbreyer@vizpainter.com,False,9/24/2016,11/16/2016,Economy,128,DAL-SEA,613,Phillip Breyer
pbreyer@vizpainter.com,True,7/20/2016,11/16/2016,Business,87,DAL-LGA,613,Phillip Breyer
rpayne@vizpainter.com,False,6/26/2016,8/11/2016,Business,179,DAL-LGA,617,Rachel Payne
rarnett@vizpainter.com,False,10/18/2016,12/19/2016,Economy,146,DAL-ATL,618,Ralph Arnett
rkennedy@vizpainter.com,True,7/6/2016,8/23/2016,Economy,64,DAL-AUS,619,Ralph Kennedy
rkennedy@vizpainter.com,False,7/31/2016,8/23/2016,Business,97,DAL-AUS,619,Ralph Kennedy
rritter@vizpainter.com,True,8/22/2016,11/20/2016,Economy,140,DAL-PHX,620,Ralph Ritter
rpölking@vizpainter.com,False,6/9/2016,6/24/2016,Business,90,DAL-ATL,625,Resi Pölking
rpölking@vizpainter.com,False,5/4/2016,5/17/2016,Economy,128,DAL-LGA,625,Resi Pölking
remerson@vizpainter.com,True,11/6/2016,11/24/2016,Business,142,DAL-LGA,626,Ricardo Emerson
remerson@vizpainter.com,False,10/4/2016,11/24/2016,Economy,105,DAL-PHX,626,Ricardo Emerson
remerson@vizpainter.com,False,10/2/2016,11/24/2016,Economy,151,DAL-PHX,626,Ricardo Emerson
rbensley@vizpainter.com,True,11/16/2016,12/3/2016,Economy,72,DAL-ATL,630,Rick Bensley
rbensley@vizpainter.com,False,10/31/2016,12/3/2016,Economy,69,DAL-LAS,630,Rick Bensley
rhuthwaite@vizpainter.com,False,8/9/2016,9/12/2016,Economy,153,DAL-AUS,633,Rick Huthwaite
rhuthwaite@vizpainter.com,False,8/18/2016,9/12/2016,Economy,152,DAL-LAS,633,Rick Huthwaite
rhuthwaite@vizpainter.com,False,7/7/2016,9/12/2016,Economy,108,DAL-AUS,633,Rick Huthwaite
rhuthwaite@vizpainter.com,False,8/21/2016,9/12/2016,Economy,114,DAL-MDW,633,Rick Huthwaite
rhaberlin@vizpainter.com,False,10/15/2016,10/31/2016,Economy,95,DAL-PHX,639,Rob Haberlin
rbarroso@vizpainter.com,True,7/2/2016,9/13/2016,Economy,144,DAL-OKC,642,Robert Barroso
rbarroso@vizpainter.com,False,8/1/2016,9/13/2016,Business,170,DAL-MDW,642,Robert Barroso
rbarroso@vizpainter.com,False,8/9/2016,9/13/2016,Economy,65,DAL-TUL,642,Robert Barroso
rbarroso@vizpainter.com,False,8/24/2016,9/13/2016,Economy,61,DAL-PHX,642,Robert Barroso
rwaldorf@vizpainter.com,False,8/29/2016,9/28/2016,Economy,128,DAL-HOU,645,Robert Waldorf
rwaldorf@vizpainter.com,True,8/21/2016,9/28/2016,Economy,133,DAL-MDW,645,Robert Waldorf
rwaldorf@vizpainter.com,True,9/8/2016,9/28/2016,Economy,132,DAL-HOU,645,Robert Waldorf
rwaldorf@vizpainter.com,False,9/16/2016,9/28/2016,Economy,107,DAL-AUS,645,Robert Waldorf
ro'brian@vizpainter.com,True,6/7/2016,6/22/2016,Economy,125,DAL-LAS,651,Rose O'Brian
rdevincentis@vizpainter.com,True,12/1/2016,12/20/2016,Economy,86,DAL-AUS,653,Ross DeVincentis
rcollins@vizpainter.com,False,9/18/2016,11/12/2016,First Class,291,DAL-HOU,654,Roy Collins
rcollins@vizpainter.com,False,7/7/2016,11/12/2016,Economy,100,DAL-CLE,654,Roy Collins
rcollins@vizpainter.com,False,10/21/2016,11/12/2016,Economy,72,DAL-LAS,654,Roy Collins
rcollins@vizpainter.com,False,3/4/2016,6/7/2016,First Class,316,DAL-SLC,654,Roy Collins
rskaria@vizpainter.com,False,5/17/2016,9/13/2016,Economy,85,DAL-TUL,657,Roy Skaria
rapplegate@vizpainter.com,True,11/3/2016,12/28/2016,Economy,77,DAL-GRR,660,Russell Applegate
shughsby@vizpainter.com,False,9/22/2016,11/7/2016,Business,150,DAL-HOU,664,Sally Hughsby
shughsby@vizpainter.com,False,8/25/2016,11/7/2016,Economy,82,DAL-HOU,664,Sally Hughsby
shughsby@vizpainter.com,False,9/22/2016,11/7/2016,Business,139,DAL-PHX,664,Sally Hughsby
sjacobs@vizpainter.com,False,11/20/2016,12/15/2016,Economy,150,DAL-HOU,674,Sanjit Jacobs
sjacobs@vizpainter.com,True,10/27/2016,12/15/2016,Business,176,DAL-AUS,674,Sanjit Jacobs
sshifley@vizpainter.com,True,1/29/2016,3/23/2016,First Class,231,DAL-ELP,675,Saphhira Shifley
sshifley@vizpainter.com,False,3/5/2016,3/23/2016,Economy,95,DAL-ATL,675,Saphhira Shifley
sshifley@vizpainter.com,True,2/24/2016,3/23/2016,Economy,132,DAL-AUS,675,Saphhira Shifley
sshifley@vizpainter.com,False,3/12/2016,3/23/2016,Economy,72,DAL-TUL,675,Saphhira Shifley
sshifley@vizpainter.com,True,2/4/2016,3/23/2016,Economy,130,DAL-OKC,675,Saphhira Shifley
sshifley@vizpainter.com,False,1/19/2016,3/23/2016,Business,96,DAL-TUL,675,Saphhira Shifley
sshifley@vizpainter.com,False,1/23/2016,3/23/2016,Economy,143,DAL-OKC,675,Saphhira Shifley
sbern@vizpainter.com,False,8/27/2016,10/3/2016,Economy,69,DAL-MDW,677,Sarah Bern
sbern@vizpainter.com,False,8/28/2016,10/3/2016,Economy,112,DAL-SEA,677,Sarah Bern
sbern@vizpainter.com,False,10/15/2016,11/8/2016,Economy,65,DAL-AUS,677,Sarah Bern
sbern@vizpainter.com,False,9/18/2016,10/3/2016,Economy,117,DAL-SLC,677,Sarah Bern
sbern@vizpainter.com,False,9/19/2016,10/3/2016,Economy,79,DAL-AUS,677,Sarah Bern
sbern@vizpainter.com,False,9/14/2016,10/3/2016,Economy,133,DAL-ATL,677,Sarah Bern
sbern@vizpainter.com,False,7/31/2016,10/3/2016,Business,152,DAL-SLC,677,Sarah Bern
swilliamson@vizpainter.com,True,11/9/2016,12/30/2016,Economy,60,DAL-ATL,684,Scott Williamson
sbraxton@vizpainter.com,False,11/13/2016,11/26/2016,Economy,115,DAL-AUS,685,Sean Braxton
so'donnell@vizpainter.com,False,10/8/2016,11/27/2016,Business,136,DAL-GRR,688,Sean O'Donnell
so'donnell@vizpainter.com,False,11/1/2016,11/27/2016,Business,149,DAL-LGA,688,Sean O'Donnell
so'donnell@vizpainter.com,False,9/12/2016,11/27/2016,First Class,224,DAL-OKC,688,Sean O'Donnell
jocampo@vizpainter.com,False,6/10/2016,9/4/2016,Economy,137,DAL-HOU,369,Jesus Ocampo
jocampo@vizpainter.com,False,8/10/2016,9/4/2016,Economy,64,DAL-AUS,369,Jesus Ocampo
jmatthias@vizpainter.com,False,11/8/2016,12/4/2016,Economy,97,DAL-AMA,371,Jill Matthias
jstevenson@vizpainter.com,False,8/18/2016,9/24/2016,Economy,85,DAL-MDW,372,Jill Stevenson
jstevenson@vizpainter.com,False,4/4/2016,4/23/2016,Economy,101,DAL-ATL,372,Jill Stevenson
jstevenson@vizpainter.com,False,2/1/2016,4/23/2016,Economy,112,DAL-TUL,372,Jill Stevenson
jstevenson@vizpainter.com,False,4/8/2016,4/23/2016,Economy,63,DAL-ATL,372,Jill Stevenson
jstevenson@vizpainter.com,False,8/2/2016,9/24/2016,Business,129,DAL-TUL,372,Jill Stevenson
jstevenson@vizpainter.com,True,4/2/2016,4/23/2016,First Class,255,DAL-ELP,372,Jill Stevenson
jmitchum@vizpainter.com,False,5/31/2016,9/16/2016,Economy,78,DAL-AUS,376,Jim Mitchum
jmitchum@vizpainter.com,True,8/29/2016,9/16/2016,Economy,144,DAL-LGA,376,Jim Mitchum
jradford@vizpainter.com,False,3/9/2016,4/15/2016,Economy,121,DAL-AUS,377,Jim Radford
jradford@vizpainter.com,False,3/31/2016,4/15/2016,Economy,137,DAL-ELP,377,Jim Radford
jsink@vizpainter.com,True,10/27/2016,11/23/2016,Economy,134,DAL-PHX,378,Jim Sink
jrupert@vizpainter.com,False,7/9/2016,9/5/2016,Economy,68,DAL-GRR,379,Jocasta Rupert
jrupert@vizpainter.com,False,5/17/2016,9/5/2016,Economy,133,DAL-OKC,379,Jocasta Rupert
jelijah@vizpainter.com,True,10/27/2016,11/8/2016,Economy,129,DAL-MDW,380,Joe Elijah
jelijah@vizpainter.com,False,9/11/2016,11/8/2016,Economy,123,DAL-ATL,380,Joe Elijah
jkamberova@vizpainter.com,False,2/18/2016,3/31/2016,Economy,79,DAL-HOU,381,Joe Kamberova
jjenkins@vizpainter.com,False,7/23/2016,8/26/2016,Economy,84,DAL-HOU,383,Joel Jenkins
jjenkins@vizpainter.com,False,8/2/2016,8/26/2016,Economy,103,DAL-OKC,383,Joel Jenkins
jcastell@vizpainter.com,False,9/10/2016,11/11/2016,Business,123,DAL-AUS,384,John Castell
jcastell@vizpainter.com,False,10/14/2016,11/11/2016,Economy,103,DAL-PHX,384,John Castell
jcastell@vizpainter.com,False,10/21/2016,11/11/2016,Economy,112,DAL-MDW,384,John Castell
jcastell@vizpainter.com,True,9/10/2016,11/11/2016,Economy,118,DAL-MDW,384,John Castell
jcastell@vizpainter.com,False,9/9/2016,11/11/2016,Economy,141,DAL-AUS,384,John Castell
jcastell@vizpainter.com,False,8/29/2016,11/11/2016,Economy,116,DAL-ELP,384,John Castell
jdoherty@vizpainter.com,False,3/23/2016,5/5/2016,Business,84,DAL-SEA,392,Jonathan Doherty
jairdo@vizpainter.com,False,2/17/2016,3/14/2016,Business,115,DAL-AUS,397,Joseph Airdo
jsmith@vizpainter.com,False,10/1/2016,12/20/2016,Business,87,DAL-ELP,401,Joy Smith
jsmith@vizpainter.com,False,10/21/2016,12/20/2016,Economy,137,DAL-LAS,401,Joy Smith
jsmith@vizpainter.com,False,8/4/2016,8/23/2016,Economy,99,DAL-AUS,401,Joy Smith
jdunbar@vizpainter.com,False,6/21/2016,9/11/2016,Business,165,DAL-LGA,403,Julia Dunbar
jdunbar@vizpainter.com,False,7/28/2016,9/11/2016,Business,97,DAL-LGA,403,Julia Dunbar
jcreighton@vizpainter.com,False,10/27/2016,11/15/2016,Business,99,DAL-AUS,406,Julie Creighton
jcreighton@vizpainter.com,False,10/21/2016,11/15/2016,Economy,133,DAL-PHX,406,Julie Creighton
jcreighton@vizpainter.com,True,7/20/2016,11/15/2016,Economy,72,DAL-HOU,406,Julie Creighton
jcreighton@vizpainter.com,False,9/17/2016,11/15/2016,Economy,92,DAL-PHX,406,Julie Creighton
jcreighton@vizpainter.com,False,8/16/2016,11/15/2016,Economy,110,DAL-HOU,406,Julie Creighton
jcreighton@vizpainter.com,False,9/2/2016,11/15/2016,Economy,90,DAL-ATL,406,Julie Creighton
jcreighton@vizpainter.com,False,9/10/2016,11/15/2016,Economy,89,DAL-AUS,406,Julie Creighton
x,False,11/15/2016,12/15/2016,Economy,120,DAL-AUS,407,Julie Kriz
jprescott@vizpainter.com,True,8/10/2016,10/3/2016,Economy,104,DAL-AUS,408,Julie Prescott
jprescott@vizpainter.com,False,6/2/2016,10/3/2016,Economy,91,DAL-AUS,408,Julie Prescott
kmeade@vizpainter.com,True,7/21/2016,8/18/2016,Economy,150,DAL-HOU,414,Kalyca Meade
kbern@vizpainter.com,True,9/11/2016,11/5/2016,Economy,75,DAL-PHX,415,Karen Bern
kbern@vizpainter.com,False,10/14/2016,11/5/2016,First Class,305,DAL-ELP,415,Karen Bern
kbern@vizpainter.com,False,10/4/2016,11/5/2016,Economy,105,DAL-SEA,415,Karen Bern
kbern@vizpainter.com,False,8/24/2016,11/5/2016,First Class,259,DAL-ATL,415,Karen Bern
kdaniels@vizpainter.com,False,11/21/2016,12/28/2016,Economy,159,DAL-HOU,417,Karen Daniels
kdaniels@vizpainter.com,False,12/9/2016,12/28/2016,Economy,123,DAL-LAS,417,Karen Daniels
kdaniels@vizpainter.com,False,12/5/2016,12/28/2016,Economy,87,DAL-OKC,417,Karen Daniels
kdaniels@vizpainter.com,False,11/25/2016,12/28/2016,Economy,82,DAL-ELP,417,Karen Daniels
kdaniels@vizpainter.com,False,10/18/2016,12/28/2016,Economy,150,DAL-OKC,417,Karen Daniels
kferguson@vizpainter.com,False,6/16/2016,7/27/2016,First Class,306,DAL-OKC,418,Karen Ferguson
kferguson@vizpainter.com,False,5/8/2016,8/16/2016,Economy,69,DAL-MDW,418,Karen Ferguson
kferguson@vizpainter.com,False,5/6/2016,7/27/2016,Economy,159,DAL-CLE,418,Karen Ferguson
kferguson@vizpainter.com,True,5/23/2016,7/27/2016,Economy,137,DAL-MDW,418,Karen Ferguson
kducich@vizpainter.com,False,7/17/2016,8/2/2016,Economy,127,DAL-LAS,422,Katherine Ducich
kducich@vizpainter.com,False,7/15/2016,8/2/2016,Economy,147,DAL-OKC,422,Katherine Ducich
kducich@vizpainter.com,True,6/30/2016,8/2/2016,Economy,122,DAL-LGA,422,Katherine Ducich
kducich@vizpainter.com,False,7/18/2016,8/2/2016,Economy,126,DAL-PHX,422,Katherine Ducich
khughes@vizpainter.com,True,10/27/2016,12/7/2016,Economy,67,DAL-LGA,423,Katherine Hughes
kmurray@vizpainter.com,False,10/10/2016,12/21/2016,First Class,291,DAL-HOU,424,Katherine Murray
knockton@vizpainter.com,False,2/24/2016,3/21/2016,Economy,81,DAL-PHX,425,Katherine Nockton
schance@vizpainter.com,False,12/22/2015,1/14/2016,Economy,105,DAL-OKC,695,Shaun Chance
sweien@vizpainter.com,False,5/19/2016,6/6/2016,Economy,135,DAL-MDW,696,Shaun Weien
sweien@vizpainter.com,False,5/1/2016,6/6/2016,Economy,124,DAL-PHX,696,Shaun Weien
sweien@vizpainter.com,True,4/22/2016,6/6/2016,Economy,80,DAL-ATL,696,Shaun Weien
sjackson@vizpainter.com,False,6/19/2016,7/20/2016,Economy,108,DAL-HOU,699,Shirley Jackson
sjackson@vizpainter.com,False,6/25/2016,7/20/2016,Economy,71,DAL-MDW,699,Shirley Jackson
scooley@vizpainter.com,True,9/13/2016,11/10/2016,Business,99,DAL-HOU,704,Sonia Cooley
sperrino@vizpainter.com,True,10/9/2016,12/13/2016,Economy,123,DAL-MDW,707,Stefania Perrino
sphelps@vizpainter.com,False,12/5/2016,12/13/2016,Business,148,DAL-SEA,709,Stephanie Phelps
sphelps@vizpainter.com,False,10/16/2016,12/13/2016,Economy,88,DAL-MDW,709,Stephanie Phelps
sphelps@vizpainter.com,False,10/28/2016,12/13/2016,Economy,91,DAL-CLE,709,Stephanie Phelps
sphelps@vizpainter.com,False,10/17/2016,12/13/2016,Business,97,DAL-SEA,709,Stephanie Phelps
sphelps@vizpainter.com,False,11/12/2016,12/13/2016,Economy,68,DAL-PHX,709,Stephanie Phelps
sphelps@vizpainter.com,False,11/12/2016,12/13/2016,Economy,72,DAL-LGA,709,Stephanie Phelps
sphelps@vizpainter.com,False,10/3/2016,12/13/2016,Economy,95,DAL-HOU,709,Stephanie Phelps
sphelps@vizpainter.com,False,11/10/2016,12/13/2016,Economy,156,DAL-AUS,709,Stephanie Phelps
sulpright@vizpainter.com,True,4/7/2016,6/24/2016,Business,112,DAL-AUS,710,Stephanie Ulpright
sulpright@vizpainter.com,False,4/14/2016,6/24/2016,Economy,99,DAL-GRR,710,Stephanie Ulpright
sulpright@vizpainter.com,False,4/6/2016,6/24/2016,Economy,117,DAL-PHX,710,Stephanie Ulpright
sulpright@vizpainter.com,False,11/17/2016,12/7/2016,Economy,108,DAL-PHX,710,Stephanie Ulpright
schapman,False,11/23/2015,2/6/2016,Economy,122,DAL-HOU,712,Steve Chapman
schapman,False,6/16/2016,9/12/2016,Economy,130,DAL-OKC,712,Steve Chapman
schapman,False,7/24/2016,9/12/2016,Economy,60,DAL-AUS,712,Steve Chapman
schapman,True,8/28/2016,9/12/2016,Economy,144,DAL-HOU,712,Steve Chapman
schapman,False,1/10/2016,2/6/2016,Economy,130,DAL-HOU,712,Steve Chapman
schapman,False,7/10/2016,9/12/2016,Economy,77,DAL-OKC,712,Steve Chapman
schapman,False,8/12/2016,9/12/2016,Business,152,DAL-PHX,712,Steve Chapman
sward@vizpainter.com,False,9/28/2016,11/9/2016,Economy,154,DAL-AMA,716,Steven Ward
sward@vizpainter.com,False,10/29/2016,11/9/2016,Economy,148,DAL-HOU,716,Steven Ward
svisinsky@vizpainter.com,False,10/8/2016,12/20/2016,Business,123,DAL-LGA,718,Stewart Visinsky
smackendrick@vizpainter.com,False,12/4/2016,12/27/2016,Economy,128,DAL-SLC,726,Susan MacKendrick
smackendrick@vizpainter.com,False,12/12/2016,12/27/2016,Economy,142,DAL-GRR,726,Susan MacKendrick
spistek@vizpainter.com,True,3/31/2016,4/7/2016,Economy,122,DAL-AUS,727,Susan Pistek
svittorini@vizpainter.com,False,7/16/2016,8/11/2016,Economy,74,DAL-MDW,728,Susan Vittorini
sfoulston@vizpainter.com,False,8/21/2016,10/10/2016,Business,82,DAL-AMA,730,Sylvia Foulston
sfoulston@vizpainter.com,False,8/28/2016,10/10/2016,Economy,140,DAL-LAS,730,Sylvia Foulston
twillingham@vizpainter.com,True,11/2/2016,12/5/2016,Economy,153,DAL-OKC,734,Tamara Willingham
kwillman@vizpainter.com,False,4/12/2016,5/17/2016,Economy,90,DAL-SLC,428,Katrina Willman
ktakahito@vizpainter.com,False,7/21/2016,10/4/2016,Economy,82,DAL-GRR,430,Kean Takahito
kthornton@vizpainter.com,False,6/12/2016,7/15/2016,Economy,63,DAL-PHX,431,Kean Thornton
kthornton@vizpainter.com,True,7/1/2016,7/15/2016,Business,128,DAL-SEA,431,Kean Thornton
kthornton@vizpainter.com,False,5/23/2016,7/15/2016,Business,153,DAL-OKC,431,Kean Thornton
kthornton@vizpainter.com,False,6/10/2016,7/15/2016,First Class,258,DAL-AUS,431,Kean Thornton
kthornton@vizpainter.com,False,5/5/2016,7/15/2016,Economy,121,DAL-LAS,431,Kean Thornton
kcollister@vizpainter.com,False,3/19/2016,6/1/2016,Economy,133,DAL-PHX,435,Kelly Collister
kcollister@vizpainter.com,False,3/28/2016,4/29/2016,First Class,237,DAL-PHX,435,Kelly Collister
kcollister@vizpainter.com,False,5/15/2016,6/1/2016,Economy,126,DAL-LGA,435,Kelly Collister
klampkin@vizpainter.com,False,2/4/2016,2/26/2016,Economy,105,DAL-OKC,436,Kelly Lampkin
klampkin@vizpainter.com,False,12/1/2015,2/26/2016,Economy,143,DAL-LGA,436,Kelly Lampkin
kblack@vizpainter.com,False,1/15/2016,2/2/2016,Economy,76,DAL-ELP,438,Ken Black
kbrennan@vizpainter.com,False,8/30/2016,9/14/2016,Business,83,DAL-PHX,439,Ken Brennan
kbrennan@vizpainter.com,False,8/19/2016,9/14/2016,Economy,92,DAL-LGA,439,Ken Brennan
kbrennan@vizpainter.com,False,8/1/2016,9/14/2016,Economy,64,DAL-AUS,439,Ken Brennan
kbrennan@vizpainter.com,False,5/14/2016,9/14/2016,Economy,130,DAL-OKC,439,Ken Brennan
kheidel@vizpainter.com,False,11/7/2016,12/8/2016,Economy,139,DAL-OKC,441,Ken Heidel
kheidel@vizpainter.com,False,10/12/2016,12/26/2016,Business,145,DAL-AUS,441,Ken Heidel
kmiller@vizpainter.com,False,10/29/2016,11/12/2016,Economy,142,DAL-HOU,443,Khloe Miller
khastings@vizpainter.com,False,11/30/2016,12/15/2016,Economy,98,DAL-MDW,445,Kristen Hastings
khastings@vizpainter.com,False,11/7/2016,12/15/2016,Economy,152,DAL-OKC,445,Kristen Hastings
khastings@vizpainter.com,False,11/13/2016,12/15/2016,Economy,115,DAL-OKC,445,Kristen Hastings
knunn@vizpainter.com,False,2/4/2016,5/4/2016,Economy,144,DAL-OKC,446,Kristina Nunn
kmiller@vizpainter.com,False,6/11/2016,7/1/2016,Economy,144,DAL-LGA,447,Kunst Miller
kmiller@vizpainter.com,True,6/22/2016,7/1/2016,First Class,246,DAL-SLC,447,Kunst Miller
kmiller@vizpainter.com,False,4/22/2016,7/1/2016,Economy,82,DAL-MDW,447,Kunst Miller
larmstrong@vizpainter.com,False,7/2/2016,8/15/2016,Economy,159,DAL-SFO,451,Laura Armstrong
larmstrong@vizpainter.com,False,6/3/2016,8/15/2016,Economy,91,DAL-OKC,451,Laura Armstrong
larmstrong@vizpainter.com,False,7/13/2016,8/15/2016,Economy,77,DAL-GRR,451,Laura Armstrong
larmstrong@vizpainter.com,False,8/4/2016,8/15/2016,Economy,79,DAL-PHX,451,Laura Armstrong
lcreighton@vizpainter.com,True,6/25/2016,9/5/2016,Economy,124,DAL-ATL,458,Lena Creighton
lradford@vizpainter.com,True,11/20/2016,11/27/2016,First Class,270,DAL-OKC,460,Lena Radford
lradford@vizpainter.com,False,6/19/2016,7/5/2016,Business,115,DAL-PHX,460,Lena Radford
lradford@vizpainter.com,False,11/6/2016,11/27/2016,Business,175,DAL-AUS,460,Lena Radford
lradford@vizpainter.com,False,6/2/2016,7/5/2016,First Class,246,DAL-HOU,460,Lena Radford
lradford@vizpainter.com,False,9/13/2016,11/27/2016,Economy,157,DAL-GRR,460,Lena Radford
ldecherney@vizpainter.com,False,6/7/2016,8/14/2016,Economy,86,DAL-OKC,466,Lisa DeCherney
ldecherney@vizpainter.com,False,6/20/2016,8/14/2016,Business,133,DAL-LGA,466,Lisa DeCherney
lhazard@vizpainter.com,False,12/11/2015,1/12/2016,Business,161,DAL-ATL,467,Lisa Hazard
lryan@vizpainter.com,True,8/16/2016,9/14/2016,Economy,127,DAL-MDW,468,Lisa Ryan
lryan@vizpainter.com,False,8/8/2016,9/14/2016,Economy,61,DAL-LAS,468,Lisa Ryan
lryan@vizpainter.com,False,8/14/2016,9/14/2016,Economy,104,DAL-ATL,468,Lisa Ryan
lryan@vizpainter.com,False,8/4/2016,9/14/2016,Economy,86,DAL-ATL,468,Lisa Ryan
lpelletier@vizpainter.com,False,9/18/2016,11/30/2016,Business,98,DAL-LGA,471,Liz Pelletier
lpelletier@vizpainter.com,False,11/3/2016,11/30/2016,Economy,72,DAL-AUS,471,Liz Pelletier
lpelletier@vizpainter.com,True,11/20/2016,11/30/2016,First Class,198,DAL-SEA,471,Liz Pelletier
lpelletier@vizpainter.com,True,11/23/2016,11/30/2016,Business,133,DAL-SLC,471,Liz Pelletier
lpelletier@vizpainter.com,False,11/3/2016,11/30/2016,First Class,217,DAL-SEA,471,Liz Pelletier
lpelletier@vizpainter.com,False,10/9/2016,11/30/2016,Economy,152,DAL-OKC,471,Liz Pelletier
lthompson@vizpainter.com,False,10/1/2016,12/6/2016,Business,139,DAL-AUS,473,Liz Thompson
lwillingham@vizpainter.com,False,11/3/2016,12/23/2016,Economy,132,DAL-HOU,474,Liz Willingham
lwillingham@vizpainter.com,False,9/15/2016,12/23/2016,Economy,129,DAL-HOU,474,Liz Willingham
lwillingham@vizpainter.com,False,9/20/2016,12/23/2016,Economy,153,DAL-ATL,474,Liz Willingham
lwillingham@vizpainter.com,False,11/27/2016,12/23/2016,Economy,123,DAL-ATL,474,Liz Willingham
lcurrie@vizpainter.com,False,8/18/2016,12/18/2016,Economy,121,DAL-PHX,475,Logan Currie
lcurrie@vizpainter.com,False,10/28/2016,12/18/2016,Business,141,DAL-LAS,475,Logan Currie
lsaunders@vizpainter.com,False,6/22/2016,7/25/2016,Economy,102,DAL-LAS,481,Lycoris Saunders
lsaunders@vizpainter.com,True,5/5/2016,7/25/2016,Economy,134,DAL-SLC,481,Lycoris Saunders
lsaunders@vizpainter.com,True,6/26/2016,7/25/2016,Business,111,DAL-ATL,481,Lycoris Saunders
mmorse@vizpainter.com,False,6/26/2016,8/13/2016,Business,131,DAL-PHX,483,Magdelene Morse
mmorse@vizpainter.com,True,7/24/2016,8/13/2016,Economy,150,DAL-PHX,483,Magdelene Morse
mcrier@vizpainter.com,False,9/4/2016,10/28/2016,Business,161,DAL-OKC,484,Marc Crier
mharrigan@vizpainter.com,True,11/12/2016,12/31/2016,Business,103,DAL-AUS,485,Marc Harrigan
mharrigan@vizpainter.com,False,11/14/2016,12/31/2016,Economy,75,DAL-GRR,485,Marc Harrigan
mharrigan@vizpainter.com,False,11/13/2016,12/31/2016,Economy,156,DAL-MDW,485,Marc Harrigan
mharrigan@vizpainter.com,False,12/1/2016,12/31/2016,Economy,78,DAL-GRR,485,Marc Harrigan
mlichtenstein@vizpainter.com,False,11/11/2016,12/27/2016,Economy,114,DAL-OKC,492,Marina Lichtenstein
mcousins@vizpainter.com,False,3/30/2016,5/27/2016,Economy,105,DAL-MDW,494,Mark Cousins
mcousins@vizpainter.com,False,5/17/2016,5/27/2016,Economy,76,DAL-SLC,494,Mark Cousins
mhaberlin@vizpainter.com,False,6/5/2016,7/10/2016,Business,81,DAL-LAS,495,Mark Haberlin
mskach@vizpainter.com,False,10/3/2016,11/16/2016,Economy,154,DAL-HOU,501,MaryBeth Skach
mskach@vizpainter.com,False,9/24/2016,11/16/2016,Economy,97,DAL-PHX,501,MaryBeth Skach
mgrinstein@vizpainter.com,False,12/3/2015,2/21/2016,Economy,158,DAL-HOU,509,Matthew Grinstein
mgrinstein@vizpainter.com,True,1/24/2016,2/21/2016,Economy,144,DAL-GRR,509,Matthew Grinstein
mfritzler@vizpainter.com,True,9/25/2016,11/30/2016,Economy,81,DAL-HOU,510,Maureen Fritzler
msatty@vizpainter.com,False,11/9/2016,11/21/2016,Economy,85,DAL-LAS,513,Maurice Satty
mjones@vizpainter.com,False,11/15/2016,11/29/2016,Economy,93,DAL-ELP,515,Max Jones
mjones@vizpainter.com,False,10/23/2016,11/29/2016,Economy,87,DAL-MDW,515,Max Jones
mludwig@vizpainter.com,True,9/30/2016,10/13/2016,Economy,104,DAL-OKC,516,Max Ludwig
mschwartz@vizpainter.com,True,10/10/2016,11/12/2016,Economy,154,DAL-MDW,517,Maxwell Schwartz
mschwartz@vizpainter.com,True,9/10/2016,11/12/2016,Economy,73,DAL-MDW,517,Maxwell Schwartz
mschwartz@vizpainter.com,False,8/22/2016,11/12/2016,Economy,110,DAL-HOU,517,Maxwell Schwartz
mschwartz@vizpainter.com,False,10/16/2016,11/12/2016,Economy,69,DAL-GRR,517,Maxwell Schwartz
mherman@vizpainter.com,True,11/12/2016,11/23/2016,First Class,238,DAL-PHX,518,Maya Herman
mherman@vizpainter.com,False,10/15/2016,11/23/2016,Economy,100,DAL-HOU,518,Maya Herman
mo'connel@vizpainter.com,False,3/6/2016,4/9/2016,First Class,245,DAL-OKC,519,Meg O'Connel
mo'connel@vizpainter.com,False,3/6/2016,4/9/2016,Economy,139,DAL-ATL,519,Meg O'Connel
mtillman@vizpainter.com,False,9/30/2016,12/3/2016,First Class,263,DAL-ELP,520,Meg Tillman
mseite@vizpainter.com,True,12/20/2015,1/13/2016,Economy,131,DAL-LGA,521,Melanie Seite
mseite@vizpainter.com,True,12/28/2015,1/13/2016,Economy,112,DAL-ATL,521,Melanie Seite
mchen@vizpainter.com,True,5/24/2016,7/4/2016,First Class,237,DAL-ELP,522,Michael Chen
mchen@vizpainter.com,False,4/1/2016,7/4/2016,Economy,126,DAL-AUS,522,Michael Chen
cdelaney@vizpainter.com,False,12/4/2015,2/8/2016,Economy,109,DAL-HOU,185,Cynthia Delaney
cdelaney@vizpainter.com,False,1/5/2016,2/8/2016,Business,131,DAL-AUS,185,Cynthia Delaney
dkotsonis@vizpainter.com,False,8/22/2016,10/4/2016,Economy,132,DAL-HOU,188,Damala Kotsonis
dlawera@vizpainter.com,False,8/17/2016,9/19/2016,First Class,301,DAL-ATL,190,Dan Lawera
dlacy@vizpainter.com,False,8/12/2016,10/8/2016,Economy,69,DAL-SEA,194,Daniel Lacy
dlacy@vizpainter.com,True,9/13/2016,10/8/2016,Economy,64,DAL-HOU,194,Daniel Lacy
dmedina@vizpainter.com,False,7/28/2016,11/26/2016,First Class,262,DAL-ATL,196,Dario Medina
dmedina@vizpainter.com,True,10/22/2016,11/26/2016,Economy,133,DAL-PHX,196,Dario Medina
dmedina@vizpainter.com,False,11/12/2016,11/26/2016,Economy,83,DAL-MDW,196,Dario Medina
dmedina@vizpainter.com,False,10/31/2016,11/26/2016,Economy,141,DAL-AUS,196,Dario Medina
dpowers@vizpainter.com,False,8/7/2016,8/21/2016,Economy,157,DAL-AUS,199,Darren Powers
dpowers@vizpainter.com,False,7/12/2016,8/21/2016,Economy,155,DAL-LGA,199,Darren Powers
dpowers@vizpainter.com,True,7/27/2016,8/21/2016,Economy,132,DAL-ELP,199,Darren Powers
dpowers@vizpainter.com,True,6/23/2016,8/21/2016,Economy,127,DAL-HOU,199,Darren Powers
dbrooks@vizpainter.com,False,10/24/2016,11/28/2016,Economy,127,DAL-MDW,203,Dave Brooks
dkipp@vizpainter.com,False,10/4/2016,12/9/2016,Economy,132,DAL-LGA,205,Dave Kipp
dkipp@vizpainter.com,True,12/2/2016,12/9/2016,Economy,109,DAL-MDW,205,Dave Kipp
dpoirier@vizpainter.com,False,2/23/2016,3/18/2016,Economy,135,DAL-ATL,206,Dave Poirier
dpoirier@vizpainter.com,True,1/3/2016,3/18/2016,Economy,140,DAL-AUS,206,Dave Poirier
dbremer@vizpainter.com,False,6/30/2016,9/13/2016,Economy,138,DAL-PHX,207,David Bremer
xxxx,False,9/26/2016,10/20/2016,Economy,127,DAL-OKC,208,David Flashing
dbraden@vizpainter.com,False,6/10/2016,7/6/2016,Economy,84,DAL-HOU,213,Dean Braden
dkatz@vizpainter.com,False,11/14/2016,12/14/2016,Economy,83,DAL-MDW,214,Dean Katz
deno@vizpainter.com,False,10/3/2016,11/17/2016,First Class,278,DAL-ATL,216,Deanra Eno
dbolton@vizpainter.com,False,10/28/2016,12/4/2016,Economy,124,DAL-HOU,223,Dennis Bolton
dbolton@vizpainter.com,False,11/14/2016,12/4/2016,Business,133,DAL-LGA,223,Dennis Bolton
dbolton@vizpainter.com,True,10/17/2016,12/4/2016,Economy,119,DAL-ELP,223,Dennis Bolton
dkane@vizpainter.com,False,9/6/2016,10/16/2016,Economy,122,DAL-LGA,224,Dennis Kane
dkane@vizpainter.com,False,9/11/2016,10/16/2016,Economy,72,DAL-OKC,224,Dennis Kane
dpardue@vizpainter.com,True,5/30/2016,7/11/2016,Economy,129,DAL-HOU,225,Dennis Pardue
dwilson@vizpainter.com,False,5/25/2016,6/24/2016,Economy,105,DAL-MDW,231,Dianna Wilson
dwilson@vizpainter.com,False,5/26/2016,6/24/2016,Economy,62,DAL-MDW,231,Dianna Wilson
djones@vizpainter.com,False,5/2/2016,6/6/2016,Economy,125,DAL-GRR,233,Don Jones
djones@vizpainter.com,False,1/31/2016,6/6/2016,Economy,125,DAL-MDW,233,Don Jones
djones@vizpainter.com,False,5/10/2016,6/6/2016,Business,111,DAL-AUS,233,Don Jones
djones@vizpainter.com,False,5/26/2016,6/6/2016,Economy,64,DAL-AUS,233,Don Jones
djones@vizpainter.com,False,4/25/2016,6/6/2016,Economy,137,DAL-LAS,233,Don Jones
dliebe@vizpainter.com,False,3/23/2016,6/5/2016,Economy,122,DAL-AUS,239,Dorris liebe
dbickford@vizpainter.com,False,4/15/2016,5/8/2016,Economy,158,DAL-LAS,240,Doug Bickford
dnoonan@vizpainter.com,True,12/5/2016,12/24/2016,Economy,88,DAL-HOU,245,Duane Noonan
ebraxton@vizpainter.com,False,10/12/2016,11/29/2016,Economy,56,DAL-SEA,246,Ed Braxton
ebecker@vizpainter.com,False,4/25/2016,7/6/2016,Economy,105,DAL-ATL,249,Edward Becker
ebecker@vizpainter.com,True,6/1/2016,7/6/2016,Economy,154,DAL-PHX,249,Edward Becker
ehooks@vizpainter.com,False,11/4/2016,11/26/2016,Economy,121,DAL-LAS,250,Edward Hooks
enazzal@vizpainter.com,False,1/9/2016,5/15/2016,Economy,149,DAL-HOU,251,Edward Nazzal
enazzal@vizpainter.com,False,4/9/2016,5/15/2016,First Class,231,DAL-ELP,251,Edward Nazzal
emccrary@vizpainter.com,True,8/23/2016,11/25/2016,Economy,124,DAL-HOU,253,Eleni McCrary
emoffitt@vizpainter.com,True,11/22/2016,12/21/2016,Business,122,DAL-AUS,254,Elizabeth Moffitt
emoffitt@vizpainter.com,False,11/3/2016,12/21/2016,Economy,64,DAL-OKC,254,Elizabeth Moffitt
mnguyen@vizpainter.com,False,5/9/2016,5/25/2016,Economy,108,DAL-HOU,528,Michael Nguyen
mnguyen@vizpainter.com,False,4/12/2016,5/25/2016,Economy,158,DAL-PHX,528,Michael Nguyen
mpaige@vizpainter.com,False,10/17/2016,11/24/2016,Economy,152,DAL-LAS,530,Michael Paige
mpaige@vizpainter.com,True,7/23/2016,11/24/2016,Economy,128,DAL-PHX,530,Michael Paige
mlonsdale@vizpainter.com,False,3/18/2016,5/10/2016,Economy,141,DAL-HOU,535,Michelle Lonsdale
mlonsdale@vizpainter.com,False,4/29/2016,5/10/2016,Economy,99,DAL-HOU,535,Michelle Lonsdale
mbrown@vizpainter.com,False,9/1/2016,11/5/2016,Economy,131,DAL-PHX,538,Mick Brown
mbrown@vizpainter.com,False,12/3/2015,1/16/2016,Economy,74,DAL-LAS,538,Mick Brown
mbrown@vizpainter.com,True,8/3/2016,11/5/2016,Economy,131,DAL-MDW,538,Mick Brown
mcrebagga@vizpainter.com,True,1/2/2016,2/9/2016,Business,153,DAL-SEA,539,Mick Crebagga
mcrebagga@vizpainter.com,False,11/2/2015,2/9/2016,Economy,129,DAL-PHX,539,Mick Crebagga
mcrebagga@vizpainter.com,False,12/12/2015,2/9/2016,Economy,73,DAL-PHX,539,Mick Crebagga
mgockenbach@vizpainter.com,False,3/11/2016,4/21/2016,Economy,117,DAL-OKC,542,Mike Gockenbach
mpelletier@vizpainter.com,False,11/9/2016,11/26/2016,Economy,86,DAL-ATL,544,Mike Pelletier
mpelletier@vizpainter.com,False,11/2/2016,12/9/2016,Economy,88,DAL-PHX,544,Mike Pelletier
mwillingham@vizpainter.com,False,7/17/2016,11/9/2016,First Class,250,DAL-MDW,548,Mitch Willingham
mwillingham@vizpainter.com,False,9/16/2016,11/9/2016,Economy,133,DAL-PHX,548,Mitch Willingham
mwillingham@vizpainter.com,True,9/23/2016,11/9/2016,Economy,77,DAL-LAS,548,Mitch Willingham
mwillingham@vizpainter.com,False,10/17/2016,11/9/2016,Economy,123,DAL-LGA,548,Mitch Willingham
mwillingham@vizpainter.com,False,8/21/2016,11/9/2016,Business,93,DAL-TUL,548,Mitch Willingham
mlee@vizpainter.com,False,4/1/2016,5/17/2016,Business,161,DAL-LGA,550,Muhammed Lee
ebarreto@vizpainter.com,False,5/29/2016,7/27/2016,Economy,72,DAL-ATL,261,Eric Barreto
ebarreto@vizpainter.com,False,6/17/2016,7/27/2016,Economy,96,DAL-LGA,261,Eric Barreto
ehernandez@vizpainter.com,False,6/18/2016,7/8/2016,Economy,85,DAL-SFO,266,Erica Hernandez
eashbrook@vizpainter.com,False,5/21/2016,9/26/2016,Business,174,DAL-AUS,268,Erin Ashbrook
eashbrook@vizpainter.com,False,9/4/2016,9/26/2016,Business,101,DAL-SEA,268,Erin Ashbrook
ecreighton@vizpainter.com,False,9/7/2016,10/5/2016,First Class,237,DAL-PHX,269,Erin Creighton
ecreighton@vizpainter.com,False,9/17/2016,10/5/2016,Economy,115,DAL-AMA,269,Erin Creighton
ecreighton@vizpainter.com,False,9/7/2016,10/5/2016,First Class,232,DAL-ELP,269,Erin Creighton
ecreighton@vizpainter.com,False,8/28/2016,10/5/2016,Business,119,DAL-AUS,269,Erin Creighton
ecreighton@vizpainter.com,False,7/29/2016,10/5/2016,Economy,76,DAL-CLE,269,Erin Creighton
ecreighton@vizpainter.com,False,9/3/2016,10/5/2016,Economy,147,DAL-LGA,269,Erin Creighton
ecreighton@vizpainter.com,False,8/27/2016,10/5/2016,Economy,112,DAL-PHX,269,Erin Creighton
emull@vizpainter.com,False,7/3/2016,9/24/2016,Economy,87,DAL-ELP,270,Erin Mull
ebailliet@vizpainter.com,False,5/6/2016,6/17/2016,Economy,112,DAL-ATL,277,Evan Bailliet
ehenry@vizpainter.com,True,6/29/2016,8/30/2016,Economy,141,DAL-LGA,278,Evan Henry
fmcadams@vizpainter.com,True,4/1/2016,6/11/2016,Business,160,DAL-SLC,280,Filia McAdams
fhawley@vizpainter.com,False,4/2/2016,5/3/2016,Economy,139,DAL-SEA,284,Frank Hawley
fhawley@vizpainter.com,True,4/19/2016,5/3/2016,Economy,128,DAL-MDW,284,Frank Hawley
fhawley@vizpainter.com,False,4/5/2016,5/3/2016,Economy,94,DAL-MDW,284,Frank Hawley
fpreis@vizpainter.com,False,9/24/2016,11/4/2016,Economy,95,DAL-MDW,287,Frank Preis
fpreis@vizpainter.com,False,10/19/2016,11/4/2016,Economy,77,DAL-LGA,287,Frank Preis
fpreis@vizpainter.com,True,10/5/2016,11/4/2016,Economy,146,DAL-MDW,287,Frank Preis
fpreis@vizpainter.com,False,10/7/2016,11/4/2016,Economy,141,DAL-HOU,287,Frank Preis
fpreis@vizpainter.com,False,8/19/2016,11/4/2016,Economy,122,DAL-AUS,287,Frank Preis
fpreis@vizpainter.com,True,9/17/2016,11/4/2016,First Class,255,DAL-ATL,287,Frank Preis
fpreis@vizpainter.com,False,8/25/2016,11/4/2016,First Class,264,DAL-ELP,287,Frank Preis
fpreis@vizpainter.com,False,9/8/2016,11/4/2016,Economy,109,DAL-HOU,287,Frank Preis
fpreis@vizpainter.com,False,7/8/2016,11/4/2016,Economy,131,DAL-LAS,287,Frank Preis
fchung@vizpainter.com,False,7/16/2016,8/5/2016,Economy,83,DAL-AUS,288,Fred Chung
fwasserman@vizpainter.com,True,6/7/2016,6/27/2016,Business,84,DAL-PHX,292,Fred Wasserman
fwasserman@vizpainter.com,True,5/17/2016,6/27/2016,Business,80,DAL-ATL,292,Fred Wasserman
fwasserman@vizpainter.com,False,4/6/2016,6/27/2016,Economy,119,DAL-ATL,292,Fred Wasserman
ghwang@vizpainter.com,False,3/1/2016,4/16/2016,Economy,130,DAL-PHX,294,Gary Hwang
gmitchum@vizpainter.com,False,7/13/2016,8/15/2016,Economy,134,DAL-ATL,296,Gary Mitchum
gmitchum@vizpainter.com,False,7/19/2016,8/15/2016,Economy,120,DAL-ELP,296,Gary Mitchum
gmitchum@vizpainter.com,True,4/25/2016,8/15/2016,Economy,92,DAL-OKC,296,Gary Mitchum
gzandusky@vizpainter.com,True,3/15/2016,4/9/2016,Economy,121,DAL-AUS,297,Gary Zandusky
gzandusky@vizpainter.com,False,3/2/2016,4/9/2016,Economy,158,DAL-CLE,297,Gary Zandusky
gzandusky@vizpainter.com,False,2/9/2016,4/9/2016,Economy,98,DAL-ATL,297,Gary Zandusky
gzandusky@vizpainter.com,False,1/18/2016,4/9/2016,Economy,89,DAL-PHX,297,Gary Zandusky
gzandusky@vizpainter.com,False,11/30/2015,4/9/2016,Economy,150,DAL-ATL,297,Gary Zandusky
ghale@vizpainter.com,False,3/5/2016,4/10/2016,Economy,84,DAL-HOU,298,Gene Hale
gmcclure@vizpainter.com,False,9/17/2016,11/26/2016,Economy,154,DAL-AUS,299,Gene McClure
gashbrook@vizpainter.com,False,5/5/2016,6/11/2016,Business,102,DAL-SLC,300,George Ashbrook
gashbrook@vizpainter.com,False,5/14/2016,6/11/2016,Economy,158,DAL-HOU,300,George Ashbrook
gashbrook@vizpainter.com,False,3/28/2016,6/11/2016,Economy,89,DAL-CLE,300,George Ashbrook
grosenberg@vizpainter.com,False,6/22/2016,7/29/2016,Economy,80,DAL-LGA,303,Georgia Rosenberg
gbaptist@vizpainter.com,False,8/7/2016,9/12/2016,Business,156,DAL-LGA,304,Giulietta Baptist
gdortch@vizpainter.com,False,9/21/2016,10/3/2016,Economy,60,DAL-MDW,305,Giulietta Dortch
xx,False,5/30/2016,7/5/2016,Economy,136,DAL-HOU,306,Giulietta Weimer
gkelly@vizpainter.com,False,9/29/2016,10/13/2016,Economy,92,DAL-MDW,307,Grace Kelly
gkelly@vizpainter.com,False,9/20/2016,10/13/2016,Economy,67,DAL-LAS,307,Grace Kelly
gguthrie@vizpainter.com,True,5/20/2016,9/25/2016,Economy,83,DAL-PHX,309,Greg Guthrie
gguthrie@vizpainter.com,False,9/9/2016,9/25/2016,Business,169,DAL-ATL,309,Greg Guthrie
gguthrie@vizpainter.com,False,8/13/2016,9/25/2016,Business,175,DAL-AMA,309,Greg Guthrie
gguthrie@vizpainter.com,False,9/11/2016,9/25/2016,Economy,123,DAL-AMA,309,Greg Guthrie
gguthrie@vizpainter.com,True,7/16/2016,9/25/2016,Business,175,DAL-AUS,309,Greg Guthrie
gguthrie@vizpainter.com,False,8/12/2016,9/25/2016,Economy,91,DAL-AUS,309,Greg Guthrie
ghansen@vizpainter.com,False,3/28/2016,5/1/2016,Economy,144,DAL-HOU,310,Greg Hansen
ghansen@vizpainter.com,True,4/15/2016,5/1/2016,Economy,99,DAL-LAS,310,Greg Hansen
gtran@vizpainter.com,False,8/15/2016,8/29/2016,Economy,115,DAL-AUS,313,Greg Tran
gtran@vizpainter.com,False,6/12/2016,8/29/2016,Business,118,DAL-AUS,313,Greg Tran
gthornton@vizpainter.com,False,4/1/2016,5/15/2016,Economy,131,DAL-OKC,316,Guy Thornton
hengle@vizpainter.com,False,2/19/2016,5/10/2016,Economy,153,DAL-HOU,319,Harold Engle
hryan@vizpainter.com,False,9/18/2016,11/30/2016,Business,149,DAL-MDW,321,Harold Ryan
hryan@vizpainter.com,False,11/13/2016,11/30/2016,Economy,78,DAL-MDW,321,Harold Ryan
hryan@vizpainter.com,False,9/23/2016,11/30/2016,Economy,132,DAL-HOU,321,Harold Ryan
hryan@vizpainter.com,False,11/15/2016,11/30/2016,Economy,128,DAL-AUS,321,Harold Ryan
hjas@vizpainter.com,True,6/8/2016,8/3/2016,Economy,78,DAL-HOU,324,Heather Jas
hkirkland@vizpainter.com,True,11/10/2016,12/21/2016,First Class,265,DAL-LAS,325,Heather Kirkland
hkirkland@vizpainter.com,False,10/2/2016,12/21/2016,Economy,119,DAL-HOU,325,Heather Kirkland
hkirkland@vizpainter.com,False,10/31/2016,12/21/2016,Economy,100,DAL-CLE,325,Heather Kirkland
habelman@vizpainter.com,False,10/14/2016,11/16/2016,Economy,160,DAL-SLC,326,Helen Abelman
habelman@vizpainter.com,False,10/8/2016,11/16/2016,Business,131,DAL-AUS,326,Helen Abelman
hmacallister@vizpainter.com,False,12/26/2015,2/3/2016,Economy,96,DAL-HOU,331,Henry MacAllister
imcgrath@vizpainter.com,False,3/9/2016,4/17/2016,Business,176,DAL-PHX,336,Ionia McGrath
imcgrath@vizpainter.com,False,3/17/2016,4/17/2016,Economy,95,DAL-HOU,336,Ionia McGrath
imcgrath@vizpainter.com,True,4/3/2016,4/17/2016,Business,116,DAL-ATL,336,Ionia McGrath
imcgrath@vizpainter.com,False,1/25/2016,4/17/2016,First Class,281,DAL-ELP,336,Ionia McGrath
imaddox@vizpainter.com,True,8/31/2016,10/9/2016,Economy,53,DAL-SEA,337,Irene Maddox
imaddox@vizpainter.com,False,11/5/2016,12/19/2016,Business,122,DAL-LGA,337,Irene Maddox
imaddox@vizpainter.com,True,11/17/2016,12/19/2016,Economy,99,DAL-HOU,337,Irene Maddox
imaddox@vizpainter.com,False,11/30/2016,12/19/2016,Economy,102,DAL-ELP,337,Irene Maddox
igibson@vizpainter.com,False,8/8/2016,9/29/2016,Business,92,DAL-MDW,338,Ivan Gibson
jgalang@vizpainter.com,False,5/5/2016,6/25/2016,Economy,106,DAL-LGA,343,James Galang
jfrazer@vizpainter.com,False,9/5/2016,11/21/2016,Economy,140,DAL-GRR,345,Jamie Frazer
jfrazer@vizpainter.com,False,9/5/2016,11/21/2016,Economy,87,DAL-ATL,345,Jamie Frazer
jfrazer@vizpainter.com,True,10/17/2016,11/21/2016,Business,129,DAL-AUS,345,Jamie Frazer
jkunitz@vizpainter.com,False,2/5/2016,3/19/2016,Economy,152,DAL-HOU,346,Jamie Kunitz
jkunitz@vizpainter.com,True,1/18/2016,3/19/2016,Business,144,DAL-LGA,346,Jamie Kunitz
jkunitz@vizpainter.com,True,3/11/2016,3/19/2016,First Class,212,DAL-MDW,346,Jamie Kunitz
jkunitz@vizpainter.com,False,2/27/2016,3/19/2016,Economy,132,DAL-HOU,346,Jamie Kunitz
jkunitz@vizpainter.com,False,3/2/2016,3/19/2016,Economy,94,DAL-MDW,346,Jamie Kunitz
jmartin@vizpainter.com,False,10/2/2016,10/19/2016,Economy,99,DAL-AUS,349,Janet Martin
jcaffey@vizpainter.com,False,7/17/2016,8/13/2016,Economy,92,DAL-HOU,358,Jenna Caffey
abergman@vizpainter.com,False,3/25/2016,4/5/2016,Economy,148,DAL-GRR,1,Aaron Bergman
abergman@vizpainter.com,False,3/12/2016,4/5/2016,Economy,84,DAL-HOU,1,Aaron Bergman
ahawkins@vizpainter.com,False,9/4/2016,10/29/2016,Economy,77,DAL-HOU,2,Aaron Hawkins
asmayling@vizpainter.com,False,4/23/2016,5/4/2016,Economy,112,DAL-OKC,3,Aaron Smayling
ahart@vizpainter.com,True,12/17/2015,3/8/2016,Business,89,DAL-MDW,5,Adam Hart
ahart@vizpainter.com,False,2/11/2016,3/8/2016,First Class,213,DAL-ATL,5,Adam Hart
ahart@vizpainter.com,True,1/1/2016,3/8/2016,Economy,88,DAL-LAS,5,Adam Hart
abarton@vizpainter.com,True,10/27/2016,12/23/2016,Economy,91,DAL-HOU,7,Adrian Barton
abarton@vizpainter.com,False,9/19/2016,12/23/2016,Business,64,DAL-SEA,7,Adrian Barton
abarnes@vizpainter.com,False,11/8/2016,11/25/2016,Economy,140,DAL-HOU,11,Alan Barnes
adominguez@vizpainter.com,False,5/23/2016,7/17/2016,Economy,154,DAL-SLC,12,Alan Dominguez
adominguez@vizpainter.com,False,7/1/2016,7/17/2016,Economy,96,DAL-HOU,12,Alan Dominguez
agrove@vizpainter.com,False,5/27/2016,9/17/2016,First Class,220,DAL-HOU,18,Alejandro Grove
agannaway@vizpainter.com,False,2/14/2016,5/3/2016,Business,179,DAL-HOU,20,Aleksandra Gannaway
agannaway@vizpainter.com,False,2/20/2016,5/3/2016,Economy,130,DAL-LAS,20,Aleksandra Gannaway
agrayson@vizpainter.com,False,6/23/2016,9/3/2016,Business,119,DAL-SEA,22,Alex Grayson
atate@vizpainter.com,False,10/8/2016,11/22/2016,Economy,56,DAL-SEA,29,Alyssa Tate
acox@vizpainter.com,False,7/2/2016,7/18/2016,Economy,124,DAL-LAS,30,Amy Cox
aallen@vizpainter.com,False,10/17/2016,12/6/2016,Business,114,DAL-PHX,32,Andrew Allen
aallen@vizpainter.com,False,11/2/2016,12/6/2016,First Class,250,DAL-ELP,32,Andrew Allen
aroberts@vizpainter.com,False,9/21/2016,10/30/2016,Economy,120,DAL-OKC,34,Andrew Roberts
aroberts@vizpainter.com,False,9/16/2016,10/30/2016,Economy,100,DAL-PHX,34,Andrew Roberts
aratner@vizpainter.com,False,2/21/2016,5/20/2016,Economy,127,DAL-OKC,38,Anemone Ratner
ahood@vizpainter.com,True,2/8/2016,3/7/2016,Economy,150,DAL-ATL,39,Angele Hood
ablume@vizpainter.com,False,9/1/2016,9/19/2016,Economy,108,DAL-AMA,40,Ann Blume
ablume@vizpainter.com,False,8/15/2016,9/19/2016,Economy,91,DAL-MDW,40,Ann Blume
asteele@vizpainter.com,False,9/15/2016,11/2/2016,Business,93,DAL-AUS,42,Ann Steele
asteele@vizpainter.com,True,10/19/2016,11/2/2016,Economy,138,DAL-HOU,42,Ann Steele
asteele@vizpainter.com,False,10/2/2016,11/2/2016,Economy,94,DAL-OKC,42,Ann Steele
asteele@vizpainter.com,True,9/25/2016,11/2/2016,Business,133,DAL-SLC,42,Ann Steele
asteele@vizpainter.com,False,10/22/2016,11/2/2016,Economy,99,DAL-ATL,42,Ann Steele
asteele@vizpainter.com,False,9/19/2016,11/2/2016,Economy,91,DAL-LAS,42,Ann Steele
asteele@vizpainter.com,False,9/17/2016,11/2/2016,Economy,118,DAL-OKC,42,Ann Steele
aandreadi@vizpainter.com,False,1/29/2016,3/8/2016,Economy,124,DAL-PHX,43,Anna Andreadi
aandreadi@vizpainter.com,False,1/3/2016,3/8/2016,Economy,110,DAL-HOU,43,Anna Andreadi
aandreadi@vizpainter.com,False,2/12/2016,3/8/2016,Economy,70,DAL-HOU,43,Anna Andreadi
agayman@vizpainter.com,False,8/9/2016,10/8/2016,Economy,101,DAL-LAS,45,Anna Gayman
agayman@vizpainter.com,False,9/13/2016,10/8/2016,Economy,79,DAL-SLC,45,Anna Gayman
amcfarland@vizpainter.com,False,11/14/2016,11/27/2016,Economy,76,DAL-OKC,47,Anne McFarland
apryor@vizpainter.com,False,6/20/2016,7/3/2016,First Class,292,DAL-ATL,48,Anne Pryor
ajacobs@vizpainter.com,False,10/9/2016,10/20/2016,Business,95,DAL-PHX,52,Anthony Jacobs
ajacobs@vizpainter.com,True,9/19/2016,10/20/2016,Business,83,DAL-MDW,52,Anthony Jacobs
ajacobs@vizpainter.com,False,9/20/2016,10/20/2016,Economy,118,DAL-LAS,52,Anthony Jacobs
awitt@vizpainter.com,False,11/25/2016,12/30/2016,Economy,133,DAL-SEA,56,Anthony Witt
aprichep@vizpainter.com,False,3/10/2016,4/1/2016,Business,165,DAL-LAS,61,Arthur Prichep
bblumstein@vizpainter.com,False,11/28/2015,2/3/2016,Economy,120,DAL-LGA,66,Barry Blumstein
bfranzösisch@vizpainter.com,False,11/10/2015,1/18/2016,Economy,66,DAL-MDW,68,Barry Französisch
bfranzösisch@vizpainter.com,False,1/5/2016,1/18/2016,Business,144,DAL-ATL,68,Barry Französisch
bfranzösisch@vizpainter.com,False,12/17/2015,1/18/2016,Economy,74,DAL-ELP,68,Barry Französisch
bmartin@vizpainter.com,True,5/17/2016,8/5/2016,Business,151,DAL-OKC,76,Becky Martin
bmartin@vizpainter.com,True,5/23/2016,8/5/2016,Economy,89,DAL-AUS,76,Becky Martin
bmartin@vizpainter.com,False,7/20/2016,8/5/2016,Economy,48,DAL-SEA,76,Becky Martin
bmartin@vizpainter.com,False,5/9/2016,8/5/2016,Economy,72,DAL-GRR,76,Becky Martin
bpeterman@vizpainter.com,False,10/6/2016,12/4/2016,Economy,106,DAL-ATL,79,Ben Peterman
bwallace@vizpainter.com,False,4/9/2016,7/16/2016,Economy,113,DAL-PHX,80,Ben Wallace
bwallace@vizpainter.com,True,7/2/2016,7/16/2016,Economy,81,DAL-MDW,80,Ben Wallace
bfarhat@vizpainter.com,False,2/21/2016,3/26/2016,Economy,141,DAL-LAS,81,Benjamin Farhat
bfarhat@vizpainter.com,False,2/17/2016,3/26/2016,Economy,84,DAL-AUS,81,Benjamin Farhat
bpatterson@vizpainter.com,True,5/6/2016,5/18/2016,Economy,150,DAL-GRR,82,Benjamin Patterson
bkampe@vizpainter.com,False,5/24/2016,6/14/2016,Economy,109,DAL-GRR,84,Berenike Kampe
bkampe@vizpainter.com,False,5/26/2016,6/14/2016,Economy,144,DAL-PHX,84,Berenike Kampe
bkampe@vizpainter.com,False,3/26/2016,6/14/2016,Economy,102,DAL-OKC,84,Berenike Kampe
bkampe@vizpainter.com,False,3/15/2016,6/14/2016,Economy,122,DAL-PHX,84,Berenike Kampe
bkampe@vizpainter.com,False,5/12/2016,6/14/2016,Economy,70,DAL-HOU,84,Berenike Kampe
bkampe@vizpainter.com,False,4/20/2016,6/14/2016,Economy,104,DAL-SLC,84,Berenike Kampe
bkampe@vizpainter.com,True,5/8/2016,6/14/2016,First Class,224,DAL-ATL,84,Berenike Kampe
bfritzler@vizpainter.com,False,7/27/2016,8/8/2016,Business,158,DAL-AUS,85,Beth Fritzler
bfritzler@vizpainter.com,False,7/20/2016,8/8/2016,First Class,211,DAL-MDW,85,Beth Fritzler
bfritzler@vizpainter.com,False,6/3/2016,8/8/2016,Economy,62,DAL-CLE,85,Beth Fritzler
bpaige@vizpainter.com,False,6/18/2016,9/12/2016,Economy,60,DAL-TUL,86,Beth Paige
bpaige@vizpainter.com,False,8/11/2016,9/12/2016,Economy,100,DAL-GRR,86,Beth Paige
bpaige@vizpainter.com,False,6/23/2016,9/12/2016,Economy,101,DAL-ATL,86,Beth Paige
bpaige@vizpainter.com,False,7/31/2016,9/12/2016,Economy,133,DAL-LAS,86,Beth Paige
bpaige@vizpainter.com,False,7/11/2016,9/12/2016,First Class,256,DAL-ATL,86,Beth Paige
bpaige@vizpainter.com,False,5/16/2016,9/12/2016,Economy,143,DAL-MDW,86,Beth Paige
bpaige@vizpainter.com,False,8/18/2016,9/12/2016,Economy,107,DAL-PHX,86,Beth Paige
bdonatelli@vizpainter.com,True,9/10/2016,9/22/2016,Business,132,DAL-AUS,88,Bill Donatelli
bdonatelli@vizpainter.com,True,9/13/2016,9/22/2016,Economy,109,DAL-GRR,88,Bill Donatelli
bdonatelli@vizpainter.com,False,9/11/2016,9/22/2016,Economy,88,DAL-GRR,88,Bill Donatelli
boverfelt@vizpainter.com,False,8/9/2016,9/17/2016,Economy,149,DAL-GRR,90,Bill Overfelt
boverfelt@vizpainter.com,False,5/20/2016,9/17/2016,Economy,71,DAL-AUS,90,Bill Overfelt
boverfelt@vizpainter.com,False,8/9/2016,9/17/2016,First Class,263,DAL-LGA,90,Bill Overfelt
,False,10/30/2016,12/10/2016,Business,156,DAL-AUS,364,Jeremy Ellison
,False,11/4/2016,12/10/2016,Economy,81,DAL-LAS,364,Jeremy Ellison
,False,6/25/2016,8/24/2016,Economy,128,DAL-ATL,364,Jeremy Ellison
jlonsdale@vizpainter.com,False,10/29/2016,12/3/2016,Economy,97,DAL-OKC,366,Jeremy Lonsdale
jlonsdale@vizpainter.com,False,10/27/2016,12/3/2016,Economy,99,DAL-LAS,366,Jeremy Lonsdale
jlonsdale@vizpainter.com,True,11/19/2016,12/3/2016,Business,135,DAL-SFO,366,Jeremy Lonsdale
jlonsdale@vizpainter.com,False,11/22/2016,12/3/2016,Business,147,DAL-AUS,366,Jeremy Lonsdale
bshonely@vizpainter.com,True,8/25/2016,9/21/2016,Economy,108,DAL-HOU,91,Bill Shonely
bshonely@vizpainter.com,False,8/29/2016,9/21/2016,Economy,63,DAL-MDW,91,Bill Shonely
bshonely@vizpainter.com,False,6/30/2016,9/21/2016,Economy,139,DAL-MDW,91,Bill Shonely
bshonely@vizpainter.com,False,8/11/2016,9/21/2016,Economy,83,DAL-OKC,91,Bill Shonely
bnorvell@vizpainter.com,False,7/25/2016,10/8/2016,Economy,142,DAL-LAS,98,Brad Norvell
bthomas@vizpainter.com,False,6/7/2016,9/19/2016,Economy,104,DAL-LAS,99,Brad Thomas
bnguyen@vizpainter.com,False,11/18/2016,12/10/2016,Economy,92,DAL-ATL,101,Bradley Nguyen
bnguyen@vizpainter.com,True,11/27/2016,12/10/2016,Economy,60,DAL-PHX,101,Bradley Nguyen
btalbott@vizpainter.com,False,4/28/2016,6/28/2016,Business,129,DAL-LGA,102,Bradley Talbott
bbowman@vizpainter.com,False,7/14/2016,8/5/2016,Economy,159,DAL-GRR,103,Brenda Bowman
bbowman@vizpainter.com,True,4/3/2016,8/5/2016,Economy,98,DAL-SLC,103,Brenda Bowman
bbowman@vizpainter.com,True,3/3/2016,5/24/2016,Economy,154,DAL-PHX,103,Brenda Bowman
bmurry@vizpainter.com,False,4/15/2016,4/30/2016,Business,177,DAL-OKC,105,Brendan Murry
bmurry@vizpainter.com,False,12/22/2015,4/30/2016,Economy,118,DAL-LAS,105,Brendan Murry
bmurry@vizpainter.com,False,3/16/2016,4/30/2016,Economy,99,DAL-GRR,105,Brendan Murry
bderr@vizpainter.com,False,4/20/2016,5/25/2016,Business,140,DAL-ATL,109,Brian Derr
bmills@vizpainter.com,False,6/13/2016,7/2/2016,Economy,135,DAL-HOU,119,Bryan Mills
bmills@vizpainter.com,False,5/27/2016,7/2/2016,First Class,264,DAL-HOU,119,Bryan Mills
bmills@vizpainter.com,False,5/20/2016,9/18/2016,First Class,239,DAL-OKC,119,Bryan Mills
bmills@vizpainter.com,False,9/4/2016,9/18/2016,Economy,61,DAL-GRR,119,Bryan Mills
bmills@vizpainter.com,False,5/28/2016,7/2/2016,Economy,125,DAL-LAS,119,Bryan Mills
bmills@vizpainter.com,False,5/4/2016,7/2/2016,Business,175,DAL-AUS,119,Bryan Mills
bmills@vizpainter.com,True,5/10/2016,7/2/2016,Economy,135,DAL-AUS,119,Bryan Mills
cschnelling@vizpainter.com,False,11/2/2016,12/17/2016,Economy,77,DAL-LAS,123,Cari Schnelling
cschnelling@vizpainter.com,False,10/7/2016,12/17/2016,Business,138,DAL-PHX,123,Cari Schnelling
cschnelling@vizpainter.com,True,11/23/2016,12/17/2016,Business,142,DAL-OKC,123,Cari Schnelling
cschnelling@vizpainter.com,True,11/13/2016,12/17/2016,Economy,156,DAL-LGA,123,Cari Schnelling
cadams@vizpainter.com,True,4/25/2016,8/29/2016,Economy,117,DAL-OKC,130,Carol Adams
cadams@vizpainter.com,True,7/23/2016,8/29/2016,First Class,288,DAL-PHX,130,Carol Adams
cadams@vizpainter.com,False,8/10/2016,8/29/2016,Economy,159,DAL-SLC,130,Carol Adams
cjumper@vizpainter.com,True,2/20/2016,3/28/2016,Economy,116,DAL-AUS,133,Caroline Jumper
carmstrong@vizpainter.com,True,11/12/2015,2/6/2016,First Class,223,DAL-ELP,136,Cathy Armstrong
csievert@vizpainter.com,False,5/15/2016,6/21/2016,Economy,154,DAL-ATL,141,Chad Sievert
csievert@vizpainter.com,True,5/15/2016,6/21/2016,Economy,149,DAL-AMA,141,Chad Sievert
csievert@vizpainter.com,False,5/27/2016,6/21/2016,Economy,140,DAL-HOU,141,Chad Sievert
ccrestani@vizpainter.com,False,3/18/2016,6/7/2016,Economy,100,DAL-HOU,142,Charles Crestani
ccrestani@vizpainter.com,False,5/29/2016,6/7/2016,Economy,127,DAL-OKC,142,Charles Crestani
xxxx,False,12/14/2016,12/30/2016,Economy,82,DAL-OKC,143,Charles McCrossin
xxxx,False,10/31/2016,12/30/2016,Economy,69,DAL-CLE,143,Charles McCrossin
csheldon@vizpainter.com,False,12/3/2016,12/16/2016,Economy,102,DAL-AUS,144,Charles Sheldon
ckastensmidt@vizpainter.com,False,2/21/2016,3/4/2016,Economy,80,DAL-MDW,146,Chloris Kastensmidt
ckargatis@vizpainter.com,True,6/11/2016,6/16/2016,Economy,61,DAL-ATL,154,Christine Kargatis
ckargatis@vizpainter.com,False,4/4/2016,6/16/2016,Economy,152,DAL-CLE,154,Christine Kargatis
cconant@vizpainter.com,False,12/17/2016,12/31/2016,First Class,294,DAL-MDW,157,Christopher Conant
cconant@vizpainter.com,False,11/17/2016,12/31/2016,Economy,93,DAL-OKC,157,Christopher Conant
cconant@vizpainter.com,False,11/8/2016,12/6/2016,Business,140,DAL-SEA,157,Christopher Conant
cmartinez@vizpainter.com,False,11/13/2016,12/8/2016,Economy,157,DAL-PHX,158,Christopher Martinez
cbrittain@vizpainter.com,False,3/21/2016,6/6/2016,Economy,106,DAL-HOU,160,Christy Brittain
cbrittain@vizpainter.com,False,4/11/2016,6/6/2016,Economy,123,DAL-ATL,160,Christy Brittain
cstewart@vizpainter.com,False,7/10/2016,8/9/2016,Economy,145,DAL-LAS,166,Cindy Stewart
cstewart@vizpainter.com,True,7/21/2016,8/9/2016,Business,113,DAL-AUS,166,Cindy Stewart
cstewart@vizpainter.com,False,5/30/2016,8/9/2016,Economy,142,DAL-AUS,166,Cindy Stewart
cludtke@vizpainter.com,False,9/2/2016,9/30/2016,First Class,288,DAL-MDW,170,Clay Ludtke
croper@vizpainter.com,True,11/18/2016,12/22/2016,Business,129,DAL-OKC,174,Corey Roper
croper@vizpainter.com,True,11/18/2016,12/22/2016,Economy,146,DAL-LAS,174,Corey Roper
croper@vizpainter.com,False,11/13/2016,12/22/2016,Economy,136,DAL-AUS,174,Corey Roper
croper@vizpainter.com,False,12/2/2016,12/22/2016,Business,145,DAL-AUS,174,Corey Roper
croper@vizpainter.com,False,11/14/2016,12/22/2016,Business,91,DAL-LGA,174,Corey Roper
ccarreira@vizpainter.com,False,4/17/2016,6/13/2016,Business,143,DAL-ATL,177,Craig Carreira
ccarreira@vizpainter.com,False,4/20/2016,6/13/2016,First Class,308,DAL-PHX,177,Craig Carreira
ccarreira@vizpainter.com,True,5/18/2016,6/13/2016,Economy,147,DAL-LGA,177,Craig Carreira
cmolinari@vizpainter.com,False,10/13/2016,10/29/2016,Economy,62,DAL-AUS,180,Craig Molinari
cyedwab@vizpainter.com,False,2/19/2016,3/6/2016,Economy,86,DAL-LAS,182,Craig Yedwab
cyedwab@vizpainter.com,False,4/12/2016,6/25/2016,Economy,78,DAL-ATL,182,Craig Yedwab
cyedwab@vizpainter.com,True,5/21/2016,6/25/2016,Business,109,DAL-PHX,182,Craig Yedwab
